"path","bytes","sha256"
".easignore","516","B9AB4A1C273B77EEF116D84E3F922A45B3AC301D058CD2E4686B36F847FB4C80"
".github/workflows/deploy-pages.yml","1920","12BBE9E2CDC2B95F4C7D028A5D889D27ACD9F5D78B3FE6ECD9422B9CAA775C12"
".gitignore","275","EBA7707ABB68236D511992FBDA8B818E73833498D62F7AF7109B73175FC72473"
".prettierignore","140","FDFC53389BB188025738722F5AC37BBCA7446F1C759A1C52E5930910820AE761"
".prettierrc.json","90","1ED88D3B99ECED8DC3B6F58F26645466DD1CEACA6C5A9B818531C941AC28E55B"
"ACCEPTANCE_REPORT_ZH.md","1185","63CA40CBBA643BA9F477D61BF0FB3551AD9FA4D02D00A22760A12DD017EB1A2F"
"ACCOUNT_AND_LICENSE_PREFLIGHT_ZH.md","3011","290DD106427EA2517F9743CB79996034AD40D11E190B6805C4DE2EE90A71D020"
"AI_USABILITY_EVALUATION_ZH.md","1828","47C77F174569EFD8680256B973654B7D4777E6ADFB20758D344EE073DB5157B7"
"app.json","1996","EDC0CF4322DBAEBB45D68452B83197C911C8267391326153EF3A5BBA5632F0ED"
"App.tsx","4862","B88A85DE909F07BC61A12F1DEA5BDDE16F94C27F1707D28289B3CAAE6E27F2BC"
"assets/adaptive-icon.png","11101","31DC3237A54B179BFB62ED93A1D0249C72BBA425FDD62131D4022A568E115337"
"assets/favicon.png","7997","FE3209C005890D329FC736715CD80CBAD17FE739DCB0F8DABD4E7AE4B493C5E1"
"assets/icon.png","12504","16F7E60E7A8E0C876733ABA5AD93FB7DC1029BC50FBE314205BCEE2012607889"
"assets/splash-icon.png","10233","3964358D1D6A67BC41566F1A4379210D6D94F24AA540445A60CDACD7DA1CD329"
"assets/splash-preview-dark.png","26261","9B18535F7F66B845D7562762C2F15D302D28D073478C4F11A29821F75F4E6175"
"assets/splash-preview-light.png","27778","DAC7EBF991F5E60D0684B16983121B8CF750D2A4F17E6550E8BAEDB2BECFF441"
"DATA_CONTRACT.md","7549","5D64A91E363B9784E398AD71EF2C994B834A3AB17ADF432EC4C56ED868249487"
"DATA_PROVENANCE.md","1967","BAD970AA3AC17FC7BC453A6A151CF071A39DC7EE079A0B8BAF7AC4F154C480FA"
"data/current-manifest.json","3113","177B918A056368162E71A7A6B5DECD650263C8C9C3AE117AD4E119EB9305D678"
"data/current-release.json","203","311D58D6C3E5A2980D5D71A531FDDCAD9344716EA964CD1139E056E35CEB7A44"
"data/releases/2026-09-14-package67-v1/cpb/cpb-sight-words-100.json","29356","880C87A5A686289353891926176B284B3957A240DA74FAEA56A0B10C964F64A5"
"data/releases/2026-09-14-package67-v1/identity/grammatical-relations.json","38053","7ACA47BFA405A6355300E444303D26934D158FAF45BBB5CFC45BD5967279818A"
"data/releases/2026-09-14-package67-v1/identity/identity-contract.json","1103","69362CA81CC3268FD2FF3D29D8820EE6DF9F45A6EC74807BEE7A8C35C352EC64"
"data/releases/2026-09-14-package67-v1/manifest.json","3113","177B918A056368162E71A7A6B5DECD650263C8C9C3AE117AD4E119EB9305D678"
"data/releases/2026-09-14-package67-v1/reference/families.json.gz","748828","B8FB19F0FD9A4642BE995F991F9B9FA94000BD9C70A5460B0942142FF227B8BB"
"data/releases/2026-09-14-package67-v1/reference/forms.json.gz","6665108","AC61E4685985EA6A1259F2EE71EB4A156A26A106F0DD98CD7EB8B922F47803E5"
"data/releases/2026-09-14-package67-v1/reference/search-routes.json.gz","3339062","3A751108B3DFFCF2DCA53258F735B1B5ABB34351E7FE41B6D1B5538C1B6A643D"
"data/releases/2026-09-14-package67-v1/release-integrity.json","122","43AA2EA76256AF439903832C0BE6489D965B609BEDD381D8270317F142C9EBC9"
"DEPLOYMENT_ENTRY.json","1548","1F9A499E824A5878D5DFD7EFD16CF11FB73385FB7CBEC7D0D4B2C2846109232A"
"DEVELOPMENT_AND_RUN_GUIDE.md","3713","030C811D33D7A78B30CE0C172AA4519134215157462F66BFD4147411DA748A78"
"EAS_FREE_ANDROID_BUILD_GUIDE_ZH.md","1547","FD40C215FB5F7B2FB1C86AAC2EC1424E9DF7997B98D8B6FE987A45E938707ECF"
"eas.json","1548","F3E8A0290A6C734D6973A017AAE16834C49B81D9966E210057ACC4F3AA151C0D"
"eslint.config.mjs","574","9846AF242173CAB03B2913793643DFE6577D01B42BD872A8AB3ED64857567D7F"
"FINAL_TEACHER_USABILITY_AUDIT_ZH.md","4613","64F2CB1D444E2A3749FD91D99FB83B8B9EF12B8D3F5AB5E8E0B83AFB875ECDB2"
"FREE_AND_LOW_COST_DEPLOYMENT_PLAN_ZH.md","3221","2420D0A45DA6FE1803D4934C0DF2A817B7536E2B4A52E28ABF6636BE01B0A55F"
"GITHUB_PAGES_DEPLOYMENT_GUIDE_ZH.md","1121","2EAF2CFD8571BEF9C727714895C277CAEE071BD1B093E867EEE579F50FF97561"
"IMPLEMENTATION_AND_ACCEPTANCE_REPORT_ZH.md","3797","312FB39415A489902EAF70134D5F779C7493B5DFA12B9AD8CFF73C277FD3A3E8"
"index.ts","101","3C87F11C5DFCDCF20361D011834A570D10C3142549AD1EBA90053F9C9430D65F"
"MANUAL_DEPLOYMENT_RUNBOOK_ZH.md","4303","72E30DEE3B3813124DAF94D25684E499C3ECE65CFBD39329B3C16DA152524016"
"metro.config.js","168","2B0119F29C855C6BB4CD726AE07310E60D3A826D1094F3819659128227AF447F"
"MOBILE_AND_ACCESSIBILITY_ACCEPTANCE_ZH.md","2557","F572A9924DFC947DC5D92F87DBDAECBDC0290FCFC0114566316C1A14BD49E54C"
"NATIVE_BUILD_AND_INSTALL_GUIDE_ZH.md","2326","E2296C98F823721A6BF01E0A0A8E0C0958EE90106FDE599F456EFED4B5287ECE"
"ONLINE_OFFLINE_AI_PARITY_AUDIT_ZH.md","2467","76E4A108FA62A37A78CDE413CC292FCCBB687CB9259DE605FCA9A70B7779A7E7"
"OWNER_DECISIONS_BEFORE_DEPLOYMENT_ZH.md","1252","A2ECD1DFF609D7E0E0D8D759109DB088A12FE16EB0C3E66E92279321887BD567"
"package.json","2142","E9BD7FB7F7488BE1DE9D71274F10BADEB6F3E4D2DFA1081423EEA8BD621D5825"
"PACKAGE82_SOURCE_TRACKED_FILE_MANIFEST.csv","165313","FE67C994CF116453CFD6491C5DAD12325F3F2E3692C85ECCA68B2FFA7B237B52"
"PACKAGE83_SOURCE_TRACKED_FILE_MANIFEST.csv","166347","19C1E0CAF4D833A77831BFE2C272EC0BB5EF0CF141E8D38D5FF945E717FA364A"
"PHASE_STATUS.json","639","2EA8505A93C6290D8727882066C44A4FCAEF14992961BAF2CECF00A731AEAABB"
"pnpm-lock.yaml","249808","6CFAD630FC6911C60B3D7554EE333B202EE7533119B48B18A0F651DAADA78621"
"pnpm-workspace.yaml","148","833F0B289BCFB9757D491B2CD06DFC87764A100B6D7F06041ED981CF897DD8C9"
"PRIVACY_ZH.md","4550","AEEE21E114851DD8CFAF83804570B31289C9164D70483DD268FB05C806946670"
"PRODUCT_ENTRY.json","4820","4B4EAC7A3838158B8A7FF95F3F3120D93B14DFC795C36542BB1A65E221889D1B"
"PUBLIC_DEPLOYMENT_READINESS_ZH.md","2689","1CE5E6231E57C62978D2E53A13D5A27529E6273D3B2705CBE6EB4C5911787DC3"
"PUBLIC_URLS_AND_ROLLBACK_ZH.md","2293","473C9048FC005A960AE6853DEC055F2BE9AC901E7E8079BFECF650993CFDF96A"
"public/hkele-data/browse/broader/az/0000.json.gz","25849","B582D6783CA24D3537A283800BC2029874865C7F5EFAFE5E4F956F9FBB24AC88"
"public/hkele-data/browse/broader/az/0001.json.gz","26257","E61C1DC00919449E0DFFDF0882DA324FF1ECE90D28CBAE6342F22EEA987E5235"
"public/hkele-data/browse/broader/az/0002.json.gz","25912","431EEB264C16B77D77C646F5FF76FC8217F95F173B394747A2CBF90DC2E03413"
"public/hkele-data/browse/broader/az/0003.json.gz","25698","0373E766A4AE07F85944085361224BD476F0F25A5D889094F61CB256138CA712"
"public/hkele-data/browse/broader/az/0004.json.gz","25955","C168741A1F2F90B1F8CFE87888C6E02B85195C7CA445AD980E199EA8C0E57780"
"public/hkele-data/browse/broader/az/0005.json.gz","25710","3DA124B0803A44F221628DD152B210296A616034BB174EB94551D2EB6F94EBBD"
"public/hkele-data/browse/broader/az/0006.json.gz","21912","F7F32B74650B7EFD3D17873BBE9E785940ADA97260F1E749C83BE12F1A16A026"
"public/hkele-data/browse/broader/hk/0000.json.gz","25492","F7C0652357FAD270CD47AE580C6213B144D8262A9FA9ACB642BEC5D4A986F0FC"
"public/hkele-data/browse/broader/hk/0001.json.gz","26421","ABDBBAB0F35FFA54AC86B2883A64691D337F31072B4A4F8AF46FF3213A99891C"
"public/hkele-data/browse/broader/hk/0002.json.gz","26483","46C2270C507864034F7B3514FFCDE2919E80EF93136A3F44826E79E7D60FCF32"
"public/hkele-data/browse/broader/hk/0003.json.gz","26727","BE46E12D33D757C240E0CBB986B182E1D949D532F96331608960A9A63DF59E73"
"public/hkele-data/browse/broader/hk/0004.json.gz","26455","72B36B3DFB931D8573D40B7FD6B8D2D80B3985A13510FD1BCEC8B8CE71E16892"
"public/hkele-data/browse/broader/hk/0005.json.gz","25914","D985EE4428793E0A13861E4E2EA69B91560D7A1CB8C2DFAF20986A96BF597123"
"public/hkele-data/browse/broader/hk/0006.json.gz","21817","247BA13536568555E85A78019047A3394AF052ED3CF753F74C3EB4441CFAA335"
"public/hkele-data/browse/broader/overall/0000.json.gz","25031","0519A4635D382384A7055C436BA1690879019F9E1AE22EED4342231B7029D1BD"
"public/hkele-data/browse/broader/overall/0001.json.gz","25956","691F76706570454E531DC4E28BE9FDCAD49E79CD80F4DD352A6B461BF1E22E97"
"public/hkele-data/browse/broader/overall/0002.json.gz","26652","A0F52C19E43E9D68E8511246AF498002C6D3B89745F1E9CFA06A7F6B27DDBEE8"
"public/hkele-data/browse/broader/overall/0003.json.gz","26776","6EDB2A7FFF383E0CFBC5310498F215EFC28292C2ECA38B49A5D991FE54CB9CD0"
"public/hkele-data/browse/broader/overall/0004.json.gz","26522","C53B26E3424A44CFF8E024EC4EF231B44D13F8D500AE057BF5D767F3BFD8A5F9"
"public/hkele-data/browse/broader/overall/0005.json.gz","26084","12D251E62B28B45820FB3EC8740746A35A1DBBFCB6FD8269FEBF269C874B6CC1"
"public/hkele-data/browse/broader/overall/0006.json.gz","22693","2C6CE734A7B9D0A169359B44E10688A57F46CFD778C4E44457C095A03AECB7EC"
"public/hkele-data/browse/core/az/0000.json.gz","25585","C0625491E4D1F53542763EC30C9635B61CA9031248DA214B20978EAC64DB6EF9"
"public/hkele-data/browse/core/az/0001.json.gz","26376","F3107A6F1BCA695F7B320396A5433EBA367A628345EE1DC0C5D6A46E7DB2AB46"
"public/hkele-data/browse/core/az/0002.json.gz","25981","B285DD9C429357B62E2E32D82EA1C130E92C9F4BC83F090C4AEAEA82548D0EF4"
"public/hkele-data/browse/core/az/0003.json.gz","25223","4E95D32BCC9806552AB06C78AE9227A3A0D8CF3536F3E07809653DB1EFDB20F6"
"public/hkele-data/browse/core/az/0004.json.gz","26058","488676C13901BC984959676C4C4A20FCE4CDE289147336EF4E23CE47CA1C1818"
"public/hkele-data/browse/core/az/0005.json.gz","25293","5ACF77D19E69CFDA345BBCFD05F30D5BD558ACDF695C695B72A0A48CEFC12CDC"
"public/hkele-data/browse/core/az/0006.json.gz","9610","5438D6D3618BCBB3D218620867FFF740434732B97110CEE799754C10BF5BA038"
"public/hkele-data/browse/core/hk/0000.json.gz","25492","E2FD63D6A277A51F5748C76CB4189E252B38E77A06D0987ACF2B77C1D803691E"
"public/hkele-data/browse/core/hk/0001.json.gz","26421","4578432025678A218257A8EE2FD7EE8AA3C1E880AD535C96FB3DF34CDF3A33F7"
"public/hkele-data/browse/core/hk/0002.json.gz","26483","5ADEA19902265FBE497A842642320B3736EA9EF8F45A105D9CD8E07D0D085D92"
"public/hkele-data/browse/core/hk/0003.json.gz","26653","BC7F3FCB3665B7988CCA701AD413D4668107641791B874119D1D1E4747782461"
"public/hkele-data/browse/core/hk/0004.json.gz","26097","9A837B0EB0F948C182E22349E83F6AEA3C468E578516D0093EEC6B5F925B1E5B"
"public/hkele-data/browse/core/hk/0005.json.gz","25596","2628FCA412FD3153E73756D610BCC8BFD816E1763A9582484A1645DD5BF39812"
"public/hkele-data/browse/core/hk/0006.json.gz","9547","A3C658DB901E22267C5BE8A8979F2598FE706ABD2563BE1A7A92DAC2F6B0017E"
"public/hkele-data/browse/core/overall/0000.json.gz","25031","30D06BE69F71DDCEA2504448AF249A0CF403DB3106E1422C4AB61C5F8C4D5006"
"public/hkele-data/browse/core/overall/0001.json.gz","25956","797D5FB1520DD0786D30556138666E6842D710D7839B1A260DBFA52010B278CB"
"public/hkele-data/browse/core/overall/0002.json.gz","26652","63E0B072AB856315D281B3299976D9C0501A77ACA5CB845037E7FBC3B74E4850"
"public/hkele-data/browse/core/overall/0003.json.gz","26776","0C5590ADD54F3EE8A96554C593472A6EF36063AAEB8265B107FD63AAAC20D69D"
"public/hkele-data/browse/core/overall/0004.json.gz","26522","A332127FC33040FF4E37882C443D15B1823E5B1EC40D842FAE2085E72D02D05E"
"public/hkele-data/browse/core/overall/0005.json.gz","26084","E41FD04B5274B8B901E08A859DAF59C93B6442EA619A039E78F31C66A5286EC8"
"public/hkele-data/browse/core/overall/0006.json.gz","10068","E6DD290667EEEEF54598C200F8AAB7FEDE29588C79F7BC556D9C365ACD7D381D"
"public/hkele-data/browse/full/az/0000.json.gz","13426","A079150640F581994EEC27E03D8C1ECBD9FE8C0B7710F84265CE9D5C5DBD12E3"
"public/hkele-data/browse/full/az/0001.json.gz","14878","DB4A0111B6BF07510D450B52E048C77B3100AD8EA3464AEAA59309C5C4BD7875"
"public/hkele-data/browse/full/az/0002.json.gz","14437","A5468410D4EC90B8AE2B88EB8B30AA56914753624A96F5CACA97AEF8D3C2561E"
"public/hkele-data/browse/full/az/0003.json.gz","14955","828D4E1E6BB9F929A546844ADF41E8D4F1E6BBC6AF617C03191996CDBCB40D88"
"public/hkele-data/browse/full/az/0004.json.gz","14126","A38C9E9F7A873DD71780CF1C8A6FF3B258D32B8A9A54D71A50EF217D4F168455"
"public/hkele-data/browse/full/az/0005.json.gz","13475","7C18F7C2851AA265AE4994AEE0F98052A3BFDECC7707768B1D9CEF5A94F51D8E"
"public/hkele-data/browse/full/az/0006.json.gz","12870","4AB4C0AA003A805D2E1C4966F7CE8C58E78AED749FCEA048D234F324C9E4FB62"
"public/hkele-data/browse/full/az/0007.json.gz","13972","936860800D93A62AA67543DD18C07DD080C0431A21C78B96DFF83949DABC5422"
"public/hkele-data/browse/full/az/0008.json.gz","14121","43AF49123B4D1B2BA310459887EDA60BADA51F8CEDB09596CD183E0BE539AD98"
"public/hkele-data/browse/full/az/0009.json.gz","13782","C060B40144CEBFE59E02121B9106DDE0FF7AF7E0F45056A499476D43F9F5789F"
"public/hkele-data/browse/full/az/0010.json.gz","14202","3E6B5A64288F28D106AFDD794251BB9C32915AA17A7718EAE6DC19255C947099"
"public/hkele-data/browse/full/az/0011.json.gz","14565","394EA77FE9500F47AE61C908E173A2CAF9D033E20752BC09BACD3B88C86B6037"
"public/hkele-data/browse/full/az/0012.json.gz","14731","1328CD5A2048C55A73DF2A538E81B227ECE1374ECB6450564523B9FF712C4E76"
"public/hkele-data/browse/full/az/0013.json.gz","14265","8703B49BA9625AF8033874DF74C0B7F54065138EF7C03CA3CA6C3F3E185D4611"
"public/hkele-data/browse/full/az/0014.json.gz","15462","67EADCEC7A0B4FF83B52A30D1E0268E83446C9819102E02A11AAD7910D8C6498"
"public/hkele-data/browse/full/az/0015.json.gz","13323","4C1F93454010FE3732CCB845F619A46D9DC5447E011103A199E0843908EE62D3"
"public/hkele-data/browse/full/az/0016.json.gz","13593","823E30B15C1D83A5EC2DE36F1ECC4DE411C0A49A96459EEE8E3D9BAB7389BD0B"
"public/hkele-data/browse/full/az/0017.json.gz","13876","2DD03A2F7DAC7C742F6E06C2CAFEBB4A4ECC6B44646361181466D26AEA86DA00"
"public/hkele-data/browse/full/az/0018.json.gz","14455","5FF49452671A5E12C0D5A4516F0C16A9FC45B961D5887C5477ECEE803CCC322D"
"public/hkele-data/browse/full/az/0019.json.gz","14587","0E9CB8CE0C3115797C30E564C1302EEE1397E6AA7A516DBEF4E24B367BD09F7E"
"public/hkele-data/browse/full/az/0020.json.gz","15072","D8962B8FA4185ACE045609CE3211442FABF2E51E6D679C3D8E9ACDCA0C68687C"
"public/hkele-data/browse/full/az/0021.json.gz","13450","DACFC67342DAA2B8944C979AFB3185AFBE3E8B3807A9D10236373D8DC7265658"
"public/hkele-data/browse/full/az/0022.json.gz","13128","9000F32BEFB2203F3A0FDEADD1D30E20706BDF1FD96324EC145B43AA3CD08F40"
"public/hkele-data/browse/full/az/0023.json.gz","12767","E2B57A5898BC9D1B814C71D797390F98EC40902E3309D20CC6DDF7C54B1D3ED7"
"public/hkele-data/browse/full/az/0024.json.gz","13645","9989779AA430BDA5B508410545C8DEFB6A7C007C7984267727936C1A7670DCAA"
"public/hkele-data/browse/full/az/0025.json.gz","13274","CD870D9F5088C34CE831B4FEA39E6CE899EB496E4909ACB875C0216414D275C6"
"public/hkele-data/browse/full/az/0026.json.gz","13322","EEDC783057CEFFD46E955EBA42DE236CAC384E2AD1CC00D43835581F5954BF2A"
"public/hkele-data/browse/full/az/0027.json.gz","14169","8A007E4713814D84630863CE35C56DD72362C5D752236AD452A452CC39A87BCD"
"public/hkele-data/browse/full/az/0028.json.gz","13389","21BC90BE9F12C2F29797494C0BB6695AFEBAEC673C274F702C06C94B577D40E3"
"public/hkele-data/browse/full/az/0029.json.gz","13569","950B12AD7DB6B584F6ECB8513898C625693D41D9525C6B770B92D4464241E2A5"
"public/hkele-data/browse/full/az/0030.json.gz","13334","6966B3D2C74EF1BA1632B11A8F3B5024D897040E41AE341CFAC5DC8701C4984D"
"public/hkele-data/browse/full/az/0031.json.gz","13195","34C471A6800F6113B60A5E483B8799329A49B485C1722C31C59D066B3F9AA1A1"
"public/hkele-data/browse/full/az/0032.json.gz","13218","421683B7A18111026C040999F5140D24E07121B79D345A024F856A902A1AF42E"
"public/hkele-data/browse/full/az/0033.json.gz","13750","7E194B9C45E3A3C52117BA9D5DF8DC05E791FC80E600FFF52F286B615BEAA68F"
"public/hkele-data/browse/full/az/0034.json.gz","14119","4027E705FF75DA8FF7E37D3D4A0DEB424C9C6B97517138986DF2017934F80F56"
"public/hkele-data/browse/full/az/0035.json.gz","12960","83348AF7B6E90B8AE79E25250D71FF111CB08B44A8DDC3134DEC0C988EC7B1C9"
"public/hkele-data/browse/full/az/0036.json.gz","13392","40563AFCB0676A73755A783D4DB2BA804F85B3183D5ADD5CE9E71CC854726C70"
"public/hkele-data/browse/full/az/0037.json.gz","13627","923F6105CCAD92DCE72C9DB2A3631BACE9A82023F3883445432D05CB2365173E"
"public/hkele-data/browse/full/az/0038.json.gz","13463","5C16FA5EC22FE64FDDC03F371E1DC90C48E8F7BAD780B71EBF827367BF4A8DFB"
"public/hkele-data/browse/full/az/0039.json.gz","14067","02469EA84868BB1FEBB9ADD34CEA7557EFB7166D2E29D4167F178EEFC624717A"
"public/hkele-data/browse/full/az/0040.json.gz","13790","71951C8F8E9049AF45C0FE1ABA834D0D6E5C9841B43CBB87B2A89413C9AA5805"
"public/hkele-data/browse/full/az/0041.json.gz","12837","758349CA4DE53D1566C1E27993559DFC4BB809A5066D21D9CDD024075474E3E2"
"public/hkele-data/browse/full/az/0042.json.gz","13164","C56093D5C1BF2B8AB4EBC9A526C8DE93675239B32F970C6DDE2E0D87F98781B9"
"public/hkele-data/browse/full/az/0043.json.gz","13270","BA86B0DAE9F8259A5A2494DF3C06F2FB27594A854F234D6C88389CA54D5BAC4B"
"public/hkele-data/browse/full/az/0044.json.gz","13209","6EEA38969CDE440C246D11D20918194CEDA3CA208687D6E918DA4FA1ABB51DEC"
"public/hkele-data/browse/full/az/0045.json.gz","13730","02E923529CA8FF3A037D03AE89E4187DF9546231F45F74CFD6C1B605C04F1DAB"
"public/hkele-data/browse/full/az/0046.json.gz","13465","ADC5D901887498415C34DB3368FD60A4A5F9EE2FFB1A38645BF9320E9FABD526"
"public/hkele-data/browse/full/az/0047.json.gz","13695","15ACC08DD6CE7DE8F6E0008AA9D141314BB0538AB149D38A7C3651FFE3D0FEEA"
"public/hkele-data/browse/full/az/0048.json.gz","13874","9FAF0A5358E64CC71EE59F22435443EB9FB90ECA5928A5FEB37C80E510390EAA"
"public/hkele-data/browse/full/az/0049.json.gz","14088","886F4055BF46A3DA997E3B36329E67E6708B119922CBD5D950C3F67604EBE96B"
"public/hkele-data/browse/full/az/0050.json.gz","14299","CC328A5F24C797278CB69C43EA22563447293CB00708195A8B3F967F7780B994"
"public/hkele-data/browse/full/az/0051.json.gz","13827","417DE21CEF381FD63B872D35892ECFEF940FF9A00D3C1167622A7AA47D512E19"
"public/hkele-data/browse/full/az/0052.json.gz","14513","424607B0FEDFD8A6A9D58173CDA93D708F270308C448F88C92DF9ED6E016DCC9"
"public/hkele-data/browse/full/az/0053.json.gz","13656","C1633974825BB794FA60A8958A99543149C674614FE6D99A22D4BD04C6000A91"
"public/hkele-data/browse/full/az/0054.json.gz","13922","A2D3D6008638E4E46138493AFECEBF616223C8CEFDD5A13F4C946DB112BC72D9"
"public/hkele-data/browse/full/az/0055.json.gz","13697","C065F6B6954318FC50522D2263B95F34F5F8DAF06C840A434F1F9FDB00C28946"
"public/hkele-data/browse/full/az/0056.json.gz","13216","4E081F73CE0907169FD46040BD5D6134370631829771E3BAF15056CE026FE6EC"
"public/hkele-data/browse/full/az/0057.json.gz","13914","774F7610EB52FC1FED1EDC0F231EF5205B5D7B7FCF06CE436FF649703423F120"
"public/hkele-data/browse/full/az/0058.json.gz","14206","59A38064C0BDC4A617D83DA06CE50412E683E0AC54CCD7A2212931C133966632"
"public/hkele-data/browse/full/az/0059.json.gz","14812","306AB6E2CF0C5377019499FD8911EEC87F882ED647356F0E4570EB5DC6B9A118"
"public/hkele-data/browse/full/az/0060.json.gz","14814","0A8DB9432C75012256EA384A495D716527E37048A5EBE8362AFDC9DB5D7BCF92"
"public/hkele-data/browse/full/az/0061.json.gz","15088","82FD338F8ECC84092AE6BF68E460C93E7B73959A5B84BB79682C229C5C3A016C"
"public/hkele-data/browse/full/az/0062.json.gz","14495","1174010440CD7B22BCFEE9D0557E4DF22C44EE0D9B06DB95D0C9E0506BE71FA4"
"public/hkele-data/browse/full/az/0063.json.gz","16337","45CEA9925A8437ED8B154F3D3D05DAF84305004FDD6074F40764E8A3E0F0486F"
"public/hkele-data/browse/full/az/0064.json.gz","16458","720499703D4C4C420879AE4AB4E21FF6FD685644F088D0A085B3B058CCB81353"
"public/hkele-data/browse/full/az/0065.json.gz","16548","74ABC7D683BCCBC108898291D0545652B0749580564EDFA3ED99263B1C753C4B"
"public/hkele-data/browse/full/az/0066.json.gz","14823","009C68C0E9538486F1DA95ADB472197BA9749CC31F8A30BAEB3099684EBB0ABD"
"public/hkele-data/browse/full/az/0067.json.gz","15381","FC396163300DC2205CD42774685A03F8A4EC72273676F2554AC7132252FD481B"
"public/hkele-data/browse/full/az/0068.json.gz","14088","A1E643CC1090C43187E1AD20262BAEB74540B5959299CC2693E333AB009EB5BD"
"public/hkele-data/browse/full/az/0069.json.gz","13832","9374DBE42AB4A8DC4F7AEAE21E08E4F599B594BD89584879A90DBCB1672D72FE"
"public/hkele-data/browse/full/az/0070.json.gz","14185","6FD03FEB7C64B60E07B569DDB4D521A7AD4701E1C6058185FEFCDEEB51A6FF4A"
"public/hkele-data/browse/full/az/0071.json.gz","14062","FB57F601749DAC51FB26E90D93FC45C9A6B3FD8BBEF0AFF5A2B4627425FEDD70"
"public/hkele-data/browse/full/az/0072.json.gz","13702","B2E7E7D1431B3C45807AA2E6A43CE4ECD9755E80CF0F0CCE5BC7E74D77FCECDF"
"public/hkele-data/browse/full/az/0073.json.gz","13462","3CB71C2AC600D8906931782E3255E56D20D79CF14C56271D0B9C99AAC19D81EF"
"public/hkele-data/browse/full/az/0074.json.gz","13682","98C3590A0A2A01373E2685EC36DA5DD39AFC1254E4266C710AF3779F71A08D5A"
"public/hkele-data/browse/full/az/0075.json.gz","15188","02D914D135D0B6578779B92E9D0485250F07067613B5CFB62090E15258076279"
"public/hkele-data/browse/full/az/0076.json.gz","14603","77AA11282CF4B2C9CD96DF3E3E3BE3C8CECAB29F42B8F73A5E29B1136D79BF78"
"public/hkele-data/browse/full/az/0077.json.gz","15408","D188124B4AD3B5CE45F195D924F70D1C8104CA4CD716F35F9DF8B56EAF2D0FAC"
"public/hkele-data/browse/full/az/0078.json.gz","15089","6BF5A0687CC6E7287A7981EE5C55420425F1E30EB965E76BBF759716E0D80190"
"public/hkele-data/browse/full/az/0079.json.gz","14784","42ECA71FCBFA5058D70A9EC3B1089143CABD1763EA865F1732B1397D4D8ED0AB"
"public/hkele-data/browse/full/az/0080.json.gz","14519","BB7D8EBFD49ACF608DB3F49428FEF6ABD376C746331A17ADA055E03DE2863C37"
"public/hkele-data/browse/full/az/0081.json.gz","15948","F64FACC4018CCEC628ED3092F63B4F9E571E8C6E44ECD0E74ABD59EAE259DB1F"
"public/hkele-data/browse/full/az/0082.json.gz","14287","31DDEA5419B787D45EE01511597E8B051FFA13B652001D0AF60C0C407690EE52"
"public/hkele-data/browse/full/az/0083.json.gz","13716","D63A8A215766702B8D6AE979948B197430C360B13AE7121CD709001844A27F4E"
"public/hkele-data/browse/full/az/0084.json.gz","13893","5CDC0E4F1FA5FEFDAFD091DE33409842C9B5474DF0075509CDF69518E8AAB103"
"public/hkele-data/browse/full/az/0085.json.gz","14048","3249714A44C776CFE7CC2CAD4834CB3DBB19C367F5A0A405A63748D197D43930"
"public/hkele-data/browse/full/az/0086.json.gz","13438","446DAC8F050C4ADDCE607131E2D998F4572D4DD562F9CE1756854D233DD275AF"
"public/hkele-data/browse/full/az/0087.json.gz","14054","0289527892697F3203D2B8193899AD7D9E6B3E6E48342829BB3E1682F99F158E"
"public/hkele-data/browse/full/az/0088.json.gz","13197","44E3CB03A969D0C8100C51D909EBFFD7E606DC6F75D2EFF7E1EE2D4A25BE3E46"
"public/hkele-data/browse/full/az/0089.json.gz","14828","9576CA314AFA11376D1B65AA71C23AD72875DE94765312DA6565490C4464253B"
"public/hkele-data/browse/full/az/0090.json.gz","13120","D676D49260907717FDFA3B45C52CAD49E2429FD21F7409A8327F859F59411871"
"public/hkele-data/browse/full/az/0091.json.gz","14562","48D3827DF0E751F33CA71140CB06CCF593471D3230D2BA0552CB3712C2FC3D85"
"public/hkele-data/browse/full/az/0092.json.gz","15612","55B83226AEC12C96622C29179F423DF653CC72A6685259AAA9F071AD726D067C"
"public/hkele-data/browse/full/az/0093.json.gz","15288","668C58BB8DE8D6D77DF812B76F7602A989894D121B0C0DCD0FD3E3EF0DB79B76"
"public/hkele-data/browse/full/az/0094.json.gz","14649","0B4263730FFC6E9F6AF0BFBF55FE8AFB80F3661BBF9AAFE33A2DC303253E5F5B"
"public/hkele-data/browse/full/az/0095.json.gz","14067","A04FC2E29500C64270FEB1284C8AEA96BBF13E0D161B3771158ECD198BCAE86B"
"public/hkele-data/browse/full/az/0096.json.gz","13941","87E255447C233FBECFE370B18DDFEF943744C0A573432A3157E1695BF143B626"
"public/hkele-data/browse/full/az/0097.json.gz","16271","821B1E62CBFF8431544146286D89AF6EBDA5966008433D611E5CFA44275FF3CA"
"public/hkele-data/browse/full/az/0098.json.gz","15895","35527180A0ACC7C3C818F706E51BD41EF46D9D8C3605B4F904C73D0F48B68E09"
"public/hkele-data/browse/full/az/0099.json.gz","13787","3CCB25259039ED39C56B729FF9469E49CBA5D13FF0769F583049E211A8AB14FA"
"public/hkele-data/browse/full/az/0100.json.gz","13869","BF59EA49FB20B7CCC7AFEDB82D8DA542ECA6C8EF990DF18A55087C99237D4CEB"
"public/hkele-data/browse/full/az/0101.json.gz","13909","9411AEF79BABFBB33B5A2B99CB53E99525B7EB6021895FC363B67ABE9AF567F9"
"public/hkele-data/browse/full/az/0102.json.gz","14397","DE62D35296DB166E2BC4F2774634EEF1250CC52EAE8CB182819B209AA292E338"
"public/hkele-data/browse/full/az/0103.json.gz","14612","CF779BA9553DDDE2B48804C58104F363A02F24ED7D9485613D4A9C5AB77CA751"
"public/hkele-data/browse/full/az/0104.json.gz","14422","B4509C8EB8F4596B13A6D6E667D852B74268879372C6AE375707A0630AB01ED3"
"public/hkele-data/browse/full/az/0105.json.gz","14819","3F26CE119CFC6ED4D4F3B13996B0BBA7A23655682F40BAE93EC1144B504C755B"
"public/hkele-data/browse/full/az/0106.json.gz","14451","98633A79D36D8DF557786A23047A8BC28D12B7C8AA4A3323EA68CC1E786C7F37"
"public/hkele-data/browse/full/az/0107.json.gz","14347","72947EECDB64E53CA6FABBAEB1DAE71D261FDEEFAECC43B0E1DDDC87CD015668"
"public/hkele-data/browse/full/az/0108.json.gz","13848","D949B53BC0CC817D9BFB822B0CF990D8AA88BA950DAC9ED51BD166102A836A7F"
"public/hkele-data/browse/full/az/0109.json.gz","13444","B072BDB1B064FB9320D4990F7912CAA094F9D4B3FADE9EA20C352971AF21005B"
"public/hkele-data/browse/full/az/0110.json.gz","13158","78E2D99AFBCFC03DBACA6B67F64BD2EDE27132E365C8F4C11EB2DDA7D8A782D8"
"public/hkele-data/browse/full/az/0111.json.gz","13359","F56473BE5057C9ED4BDE070504780D77714A96EF73790E0D1FB4BBAA8B7631AE"
"public/hkele-data/browse/full/az/0112.json.gz","13424","B3C791F326D00A9B23B0ABA08FDC1265A18F2E10D50A673529B8453D1BA34EFE"
"public/hkele-data/browse/full/az/0113.json.gz","14352","6D1BDB105D8B06889B353C68BE99E88571E90F9916E99195910D940ECA0536C6"
"public/hkele-data/browse/full/az/0114.json.gz","13476","CB34A356AF3FFA1CD5FD1D645BB8B59DB6D6D287253EB28C0FBDAAD863841903"
"public/hkele-data/browse/full/az/0115.json.gz","13420","E413A44720805D37F81063593D2A37A7FDF414AF59EF8782F59E14AC7433A762"
"public/hkele-data/browse/full/az/0116.json.gz","14077","1FF240789054AD5902DAE2C9A8147CC7814C9F1BB3AC44F37F2D1130AAB25398"
"public/hkele-data/browse/full/az/0117.json.gz","13495","B6E8A6EC48814CD07BD7DF07D1C3B3900BD7C3FCE1ECC2F3BE45FB16D6953E88"
"public/hkele-data/browse/full/az/0118.json.gz","13269","8913BD8554D2C31C99AEA5D523FAB290B20F247D59D5E6D4E61A727D2C549726"
"public/hkele-data/browse/full/az/0119.json.gz","14618","347A2AA0F8FBB2169F82B41B9699B75D22FFACB81F4EEF1A88E593ED96EF11FA"
"public/hkele-data/browse/full/az/0120.json.gz","13806","A507FB7F6AE6608E8E9ABB1101B53CE12B56819106E76B64F066243155C0B6EC"
"public/hkele-data/browse/full/az/0121.json.gz","13917","7ED1471BB3FEDD7229049BFA3FD5BB3CE6CBC921FCAE695915371AA4A9808104"
"public/hkele-data/browse/full/az/0122.json.gz","13384","6114C7F3E964761F4703A70EC3EA24CCE292B0BCA6650D4CEA681585A587857B"
"public/hkele-data/browse/full/az/0123.json.gz","13227","8D852B6D66E298BD42E7591C66BA26136B9F4982D042BCF2081C1939CC31F5BC"
"public/hkele-data/browse/full/az/0124.json.gz","13162","FA823F1CE22372F5582CD6CC0CC5F47AE5B54EA17B1725DCA3F9EBDA602DBC7B"
"public/hkele-data/browse/full/az/0125.json.gz","13896","FB4BD5862BE9D1FEDD0C53EC9B62D1DCCB0951DB17AD4DE63C8A7AECB8D46495"
"public/hkele-data/browse/full/az/0126.json.gz","13143","4559BDCE5717723480F5774FC0D67B83DB9BC11F1C8751A003F2E81A171CBBBA"
"public/hkele-data/browse/full/az/0127.json.gz","13156","8FF3C2465B97C5232B3ACD21D401B0516BDD65927BE4B8305AFE3FCF746AF70F"
"public/hkele-data/browse/full/az/0128.json.gz","13669","46F6C15CAC23C5561D1F47623CC3A115675275225231BCEBA39C5FC95AF4AD79"
"public/hkele-data/browse/full/az/0129.json.gz","13372","36509317155329E6DD39EDEAF130F7F7E1C221F8A5ADA8811304B2502EB755FE"
"public/hkele-data/browse/full/az/0130.json.gz","14060","F27946830D0701BAE55580B04303EAA2D4ED88BB3C49AEC593A0146A7D605428"
"public/hkele-data/browse/full/az/0131.json.gz","13486","6ED1E4387E8CE2E31808476841A57D686377678845273DA865697FB6B97C6456"
"public/hkele-data/browse/full/az/0132.json.gz","13793","3C9A9CAE1D9C788531F12F9BA9B1BA5563C6E0B124BC704B9DB8BC599359CF61"
"public/hkele-data/browse/full/az/0133.json.gz","13391","C3C72FBA255381994293DC0264F57F6ECABA59784BC75B2AA4466366DF20EEC1"
"public/hkele-data/browse/full/az/0134.json.gz","14248","8F9A3DA91EBA7E41ADC224BA479CD0A47985C1700C2A2B16A1FF3B80E698DF17"
"public/hkele-data/browse/full/az/0135.json.gz","13358","9F0FF4DC418B1CCCDED9C04795D309D8CA948A58E391C0F4FCDC10EC71D0AE93"
"public/hkele-data/browse/full/az/0136.json.gz","13443","B83B7F5132FFED6839848EB3312DE4520D55E3B2CFE8FF55FEBF897C377DC556"
"public/hkele-data/browse/full/az/0137.json.gz","13987","29DEA7F1D4409A92761D84C9B6ABDBD7FF61C520564522E61EC5F4B8E533EA5D"
"public/hkele-data/browse/full/az/0138.json.gz","14178","4A4F10EAB0C02498903AC47EB87C12CCEC0D69F2BCFFE3CE1F57BC8A7E333410"
"public/hkele-data/browse/full/az/0139.json.gz","14362","CAF8F543878CE230066FE6F466AA0C91AD5252669476DC41FA0BB30A46189E58"
"public/hkele-data/browse/full/az/0140.json.gz","15067","9E042FF61EBBF8F379E6E3417BA728825219FA463C9BE7DAC2E6BBCE49932B10"
"public/hkele-data/browse/full/az/0141.json.gz","16721","06E925A36AB3A23FFF3B4F5F1D7A68423D8D01080B6240CBC769FD068FB070CC"
"public/hkele-data/browse/full/az/0142.json.gz","16738","FB1339D23101A4113E85E1DB79EDBCAF0E974EBAFF664B64B7A265EB19620CCE"
"public/hkele-data/browse/full/az/0143.json.gz","16703","CD6B3180AE5367B6CCC471951E729338E278E2A68D1821907F0B79DEF47C510C"
"public/hkele-data/browse/full/az/0144.json.gz","14332","169CD24DCE907C7ACAF72A9B603D536BAFE256D8A18B942F12F76D4FB47BA57B"
"public/hkele-data/browse/full/az/0145.json.gz","13949","FE1CD9234F2E68FCF127B18A16AFDE37533D636A09BD324E513261A1B6D6ADDB"
"public/hkele-data/browse/full/az/0146.json.gz","13428","0B6D8FCC1933811D34FEDCB2CDDC9C339282AAF47DDB1D420F0DFFE992546C24"
"public/hkele-data/browse/full/az/0147.json.gz","13117","2786054B68AE47C83E592FFF76EFBA8FB40C00A1EBA99278A02AF019FCEB4787"
"public/hkele-data/browse/full/az/0148.json.gz","14018","0C8480787F134225548A7BFB2F44AC9F1DE2FF57BA0E896D0D3786CEC060A86A"
"public/hkele-data/browse/full/az/0149.json.gz","14341","BDEF7C614F0FE7AD252E98E71EF28548DD3EA9020E1F97444BA6E903468BEB72"
"public/hkele-data/browse/full/az/0150.json.gz","13467","C72B828EE1E5D40E1DA1C170CCD2A36457BC9255A3E96410C80AF072881AEAA1"
"public/hkele-data/browse/full/az/0151.json.gz","11937","2F09EBC9772D61CF51F01E2B52790DC7372767275CB551F34DAF2CD2E6AB1A5E"
"public/hkele-data/browse/full/az/0152.json.gz","12005","AF6DC515F2D337BED1913E0B02AA3C728A0C9D74F6EB3D7581CD5210DE205E56"
"public/hkele-data/browse/full/az/0153.json.gz","12413","79CF34D490208319871C60AF1711818E2DBD6992A7586B017CF1815AF6E76454"
"public/hkele-data/browse/full/az/0154.json.gz","12751","C520735979209C45DB3CD9325796B3A35132EE9C3420E05279D2D9FEAA3F9EC5"
"public/hkele-data/browse/full/az/0155.json.gz","12822","392FE6B07A170DAA0E4B599BEE56E212E005B7E5DB768D9C26F876DDC7BCF6FC"
"public/hkele-data/browse/full/az/0156.json.gz","12236","A16A64CC188BCD1BBE26D0ED151B3C13DC01535D006355F27536B8E8F35FBE4B"
"public/hkele-data/browse/full/az/0157.json.gz","12873","1AD72EEF02C74BD8B72918B36F23E2B2489ED2879DF3245DF5C32946C841FCE9"
"public/hkele-data/browse/full/az/0158.json.gz","12346","524444D2F6A015D3F40E669542A4E4A2CE3B1B4D88998BD3C5E6E4FCAADD7C02"
"public/hkele-data/browse/full/az/0159.json.gz","12086","94653033B35132B3FDFF13C20CFFDB22CDD6C9413DB9612F89515B4050B348F1"
"public/hkele-data/browse/full/az/0160.json.gz","11575","0EA734E968459F24D1E471CAAA8C74ED74052612D7B1C7CECEF80F358C22B90C"
"public/hkele-data/browse/full/az/0161.json.gz","12395","B083BC74F74967D93117745B9AECC222C8796E6AFDC33049B6F29BB4FBB32638"
"public/hkele-data/browse/full/az/0162.json.gz","11885","568ED67D33E1F89E60EA76326D317B690655A2FC79E4CB01E8D4B8F06B90DBE3"
"public/hkele-data/browse/full/az/0163.json.gz","12934","A8B655A840B46AE18FCCCBC9E14E63F46445F8157CD4B76E20861654241FD7B1"
"public/hkele-data/browse/full/az/0164.json.gz","13186","5D5D9159A27C1842E5F39E8BC01409AC4A5CE1F6F3C71E9EC58BB7D9D20EB974"
"public/hkele-data/browse/full/az/0165.json.gz","13107","529C04B5BCE6F41C295A759CA201E5C2E4B275BB293BBD86DCBAF055AB89E436"
"public/hkele-data/browse/full/az/0166.json.gz","13725","D5E0EC04B157D4AFF0BCC93A790BA422E23DB06192C87706730B9F203F1AE541"
"public/hkele-data/browse/full/az/0167.json.gz","14061","FCC1B7FC7CC476393412B1CDDD1F6CDC1C9E361633D355C0400C9A9AA2D54F7B"
"public/hkele-data/browse/full/az/0168.json.gz","13321","FF43D866334ED6118F24F5052AC0A6667DE33EE42792DD57AE9A4AD67F03FC9C"
"public/hkele-data/browse/full/az/0169.json.gz","13547","46F9499D25356A9AC0A574A90494BA05E05B683D12807E6E02021888C5F45B16"
"public/hkele-data/browse/full/az/0170.json.gz","14539","A8D8CAC98ABDD1A6B357FF7617F515B42DCD77FEA693976E40DD7137210DAB4A"
"public/hkele-data/browse/full/az/0171.json.gz","14770","7D5FF56A8C614E3942AC1AF7E4977CFD9ACE7BD31BF65DDDCFB2824A17A1CFD0"
"public/hkele-data/browse/full/az/0172.json.gz","13369","34BEB635597B0C74A97546E86326C153502480EA65707FDF94DF22BEEFA6845E"
"public/hkele-data/browse/full/az/0173.json.gz","13546","818AB144D3102A4B6FD8598D6D3777572038D521920B7F4318247E72F07B8736"
"public/hkele-data/browse/full/az/0174.json.gz","13410","DB393C54935E263A4AA2561D0CEACBD4E2BD5B7FC16DFCEE969F93A602642ABB"
"public/hkele-data/browse/full/az/0175.json.gz","13633","907FB9E89B6D40AB5566D0BAFED582427B4FF359FC2F8E55A0B237F201B0658F"
"public/hkele-data/browse/full/az/0176.json.gz","13319","7C2CA3E03F8814F9320AE2AB7717F4B717E51ED3B3AD908AE66CE71AD69E118D"
"public/hkele-data/browse/full/az/0177.json.gz","13449","2FEA313C4B29C8362BDC2005942564C3E89D870CA33FBD8E77D3090D6BA55112"
"public/hkele-data/browse/full/az/0178.json.gz","14178","16708097957B87FB1D303DD029887F61B1C41E01019BFB28AA5E47B2299F54DA"
"public/hkele-data/browse/full/az/0179.json.gz","13254","C5FEB878CE31D991845EC301CA6DCFB787DE85EE3D1602B1ED29BF69D0407F27"
"public/hkele-data/browse/full/az/0180.json.gz","13178","433AE176B3D81AD2FC11EF57AC252FAFEE4D1EACAB7F0A6E778177BBE2D61762"
"public/hkele-data/browse/full/az/0181.json.gz","13443","AD795E3F20B7022F123CE971A0C7248EFE812D33681F19BA7A2E6ED50D854904"
"public/hkele-data/browse/full/az/0182.json.gz","14017","2F552F878B2DC43D6F1A41095D8CFDF7CA1724C7118A74A6815A1FE17BD2EE41"
"public/hkele-data/browse/full/az/0183.json.gz","13064","B780C9384BCC0AC94E400A41665E4623A786A0F4043F22F03BE36D8B8258EAE1"
"public/hkele-data/browse/full/az/0184.json.gz","13545","AD1170B77384A485CB74E5765A0BE4DE43052B8B0EA21C63ABADEDFF02458786"
"public/hkele-data/browse/full/az/0185.json.gz","12495","34F8E7AEF5F504DEE5735C9B4E6437300363F7CAED77E53BF2F8FA40F2A66484"
"public/hkele-data/browse/full/az/0186.json.gz","12273","572A2A835A7F4F4F933D370FE2A82B8AB33BCBC8E96A00A55469FD3BC21CCA47"
"public/hkele-data/browse/full/az/0187.json.gz","13490","BC0819B5DC5E8EBB4BB7EE048895113AC3B7BD3E426EFE7F8B59C84AFB4B0CB6"
"public/hkele-data/browse/full/az/0188.json.gz","13684","BB720CEC291A0A3AD746AFD744456D0164EB55083B3F31404067729F42A5F5F1"
"public/hkele-data/browse/full/az/0189.json.gz","13711","5854B5B72A10F76B784220CAD489B863D406DECC3399D32BEBC6BD786EE4CB5C"
"public/hkele-data/browse/full/az/0190.json.gz","14320","E6186DFDD23661A7BE659C760B775AAB88DB8A0BD2EE4C03AEB076FB83F912C9"
"public/hkele-data/browse/full/az/0191.json.gz","13794","30C68EC471BC62B9BAF708C264D8C41490252C1426216B4BE9054EA86D2867B0"
"public/hkele-data/browse/full/az/0192.json.gz","14118","BE4AA95CA936612515841213078EB04C45A03C32906AF073DD8317CB6382FB79"
"public/hkele-data/browse/full/az/0193.json.gz","13717","CE46B9DFA2FC71E10D210DB0FECF2EDF984D470FFEE660E6F7E5FA234152F1FA"
"public/hkele-data/browse/full/az/0194.json.gz","13452","FA3E2686108432A778D6BFE3A1328D66B2B2425B80B1DBDDF19219C89B3B2FB5"
"public/hkele-data/browse/full/az/0195.json.gz","14352","CABAD028825DF764AA538934D52B8D3359B85873BD524B4A1205C41FB7F2DAC5"
"public/hkele-data/browse/full/az/0196.json.gz","13605","9C25BE76875AB483554E7137CA5AD0340192E8E66717766144462941AE49C0AE"
"public/hkele-data/browse/full/az/0197.json.gz","14175","60C155995C66F5B04C0805E2CF7CEDDFBB84C37533EFE4C30DB10A97B2852986"
"public/hkele-data/browse/full/az/0198.json.gz","13559","85E1BD03491BF4A1A27889845A502F7555B19C73FD6621FB36ECC04248C1BB1E"
"public/hkele-data/browse/full/az/0199.json.gz","13535","7E3DCF9CCB67945B3534A895DA701E709746FD9C17626CC8AF735D091F1164E5"
"public/hkele-data/browse/full/az/0200.json.gz","13278","025E4B62C20BF8B76F1050C494DFC473892FE8D4DE4F881C6864E9CF549A1370"
"public/hkele-data/browse/full/az/0201.json.gz","13344","8A0C505DD9ADDF13550824B67E1705591C8513FCB651DA2C29051EA7B35B43AC"
"public/hkele-data/browse/full/az/0202.json.gz","13410","67C1107DDE557A816E8A703259EB0C30E221A0675BC2DFDE5839FD9E93B81BFE"
"public/hkele-data/browse/full/az/0203.json.gz","13603","34360E083C7374985A6A7A48C918DC7FF0D6EFCC5DBAA227DEACCA1FD400DA44"
"public/hkele-data/browse/full/az/0204.json.gz","14091","8295468DD7DC2FD3AD728BC9CCB533921E9770005457F242B51C25B7C77F9AAD"
"public/hkele-data/browse/full/az/0205.json.gz","13346","0B1B0C293ED670B49B835BC929F7D1500C70422E00610550E8B739C77CB3B647"
"public/hkele-data/browse/full/az/0206.json.gz","13191","7FE6FADD57FA23D2490819389E80739273D38D827D68E71610D4C3D4A1F2DD66"
"public/hkele-data/browse/full/az/0207.json.gz","13559","C481700A452F7D151FE09B1754CD52519FBE100E8311013A1F328F6A5FE0D0F5"
"public/hkele-data/browse/full/az/0208.json.gz","14129","1B6761E964F0B846D97A59F967725B13C6E3F4A0247BE3ADA5D2C9082121795A"
"public/hkele-data/browse/full/az/0209.json.gz","13656","09DA7AF25772FAAAE94C0998136E560489232918A6CE78B974A900C2B05B0FB7"
"public/hkele-data/browse/full/az/0210.json.gz","14954","C1D673AF863F4372ACB1C01B0C352940AC5556E4183E120FA5B5D3703E2BC05F"
"public/hkele-data/browse/full/az/0211.json.gz","13886","825E91B217D9FC1784F85DA73C783F2E57BC487991ABB8F4E978F5E03B9E6BB2"
"public/hkele-data/browse/full/az/0212.json.gz","13748","863D998CAE695B3528EC246098F4FEE0F508C35A0CA1ED4CE77E3F61F16B22FA"
"public/hkele-data/browse/full/az/0213.json.gz","14217","7B2251555268561DA2E4A1C6650D03A3B15CA785372F815999AE2D970B08D63C"
"public/hkele-data/browse/full/az/0214.json.gz","14131","6C2217823D02DA5DEE840DA4A5E1A0E347CB34BA141280928DB9028A9495D9E8"
"public/hkele-data/browse/full/az/0215.json.gz","13465","0960EC62AE046E44BB526082F611CD4B0FBCFE81CCEDF419B57EA701FE6324F0"
"public/hkele-data/browse/full/az/0216.json.gz","13579","81CA0F766E0B83603AD7009CC05CFD80CD00C850DA7E2728205D4875E850A6EC"
"public/hkele-data/browse/full/az/0217.json.gz","13603","E2CF255EB12165632CAA34A63A6449AE763AFC072579E975AD1D22F37C52AE98"
"public/hkele-data/browse/full/az/0218.json.gz","13647","22356F5FD49CA3E7E0FEB62EDFA079861AC99D4237035FB434A4BC4C9D2F99EC"
"public/hkele-data/browse/full/az/0219.json.gz","15142","86CA557BF02B3FCBFD53D64BD7F98151E14263C412E15A39F52AAF250FB63A9E"
"public/hkele-data/browse/full/az/0220.json.gz","14595","A472718AC852A12691DE7107FC7564A7E799D18D8C87A2F0B5CD572A725260BA"
"public/hkele-data/browse/full/az/0221.json.gz","13881","97BEFE02651F31FB8834B5DCC0EA704B3F13C1A8FF1F011C0F34C8E9EA4A828E"
"public/hkele-data/browse/full/az/0222.json.gz","13255","D323CC46017F5B0C936166B973B3B67A7C5029A4B0DE93FD393ABA964E7803CB"
"public/hkele-data/browse/full/az/0223.json.gz","14831","2B7C4DE1CA58546DBB15A77A63F666654B195ECD5B779B5E35DCB7ABC9D18090"
"public/hkele-data/browse/full/az/0224.json.gz","14604","85960D50EA144D6DF0F038AB271521FB11708C65624775CFB97915446A3FA52B"
"public/hkele-data/browse/full/az/0225.json.gz","13757","1196BDF4FC8BBFFB630E34B13494E8C464EA3AA2CFC4FE70B02E4A517526FE28"
"public/hkele-data/browse/full/az/0226.json.gz","13925","68ADF3D773F0D8302DDEE3F5A15CC06E8CF3512E642074AD9A5B26967B87037E"
"public/hkele-data/browse/full/az/0227.json.gz","13155","6FAF55289937C5C761845E4240C13CE1D39309BCE537C10B2B90962CE2FA9037"
"public/hkele-data/browse/full/az/0228.json.gz","13514","FABF7E49DAC2277B173296BBACDD03566CD6F368E5C02AA6AB8D0167971BB443"
"public/hkele-data/browse/full/az/0229.json.gz","14496","1A1C219299419B90C9DC4F93BD1935BDBFA4812BB5985AFC56431CC758E1C89A"
"public/hkele-data/browse/full/az/0230.json.gz","14410","667B986E579920E866BBA18ABC569CF054BE93372226CA21BB91E3C87F0D4026"
"public/hkele-data/browse/full/az/0231.json.gz","13687","DA9FC295E1121D9D95E151A4F74CB3D0D6E1A2D4CBF95A58EE09FB2244F6285A"
"public/hkele-data/browse/full/az/0232.json.gz","14040","1EB574B5B0A5598CB7A0FB81CBB6ED43EA011A13CE550199B231C0FD92897B72"
"public/hkele-data/browse/full/az/0233.json.gz","15357","F502945B70D25225E93770AC6CF6659432975866B7269BAF2522AFBF97148B8A"
"public/hkele-data/browse/full/az/0234.json.gz","15451","7AAF2638AC23F07812795FA3B5E9B64F877A4A1161B2CD7726ABC73DB260567B"
"public/hkele-data/browse/full/az/0235.json.gz","15471","24E17F2E63D5970070B72C05BFDB14FC39C512501E63A2C9641B5FB8368178BC"
"public/hkele-data/browse/full/az/0236.json.gz","14444","5A7E38D470B7B7BD9AD38989B83B9F5BDCF34674C860D67511D6046F4B321B44"
"public/hkele-data/browse/full/az/0237.json.gz","14115","C1BF47FE347EBDEB18E051482EF119620DCF3391425A488C9384D9BB0AC18662"
"public/hkele-data/browse/full/az/0238.json.gz","13836","4A00C7B365936EA1A38E54476780B5975C669281D1EBFF396E7983DFB61C7945"
"public/hkele-data/browse/full/az/0239.json.gz","13568","3C8C1167DDC5A7C301EA857EAD3E5B54D7C46288119443EED87A68225D6B5E14"
"public/hkele-data/browse/full/az/0240.json.gz","13497","4714F39AC307894FCED08073BCE1F1BF2A670A1142E91B222D01532A31311054"
"public/hkele-data/browse/full/az/0241.json.gz","14141","09B37DCECDDCAF96AD29C8C46649B08CB48AEB570816F0905B9E7881F84A3C58"
"public/hkele-data/browse/full/az/0242.json.gz","13775","6DD38B6B0AB90857B3422A388B6C32DE26D89408BE2C7437FC2AA448E5790BFD"
"public/hkele-data/browse/full/az/0243.json.gz","14101","B449D6D3A4D847B9B3A9543BFC7E0DA78AAF8B9B1AFD0FD2A2AE7FC085F81AB3"
"public/hkele-data/browse/full/az/0244.json.gz","15885","2FFBA155D5F10E588D06A2497023FE107C053BB855C4B6684CCE0D472D72A9E8"
"public/hkele-data/browse/full/az/0245.json.gz","15545","A62CE237039BDD1A6E316979B9FE8D6738DAB61CB16D9409D90F0F68B1354EFC"
"public/hkele-data/browse/full/az/0246.json.gz","16860","255966B22A607D84A86A188BAB20B914A887066A1962F9A9EC91DC8FE32AECC7"
"public/hkele-data/browse/full/az/0247.json.gz","14235","720619AEBACBDDB72F4F8FEB50D3D8A30CE6B2869F0ED8D23EAC0893D7BFC0EB"
"public/hkele-data/browse/full/az/0248.json.gz","13241","2363F713AB0DE3FC3ED2C04FE678FEAC1D91A1F5D2023A850907329B16CB5714"
"public/hkele-data/browse/full/az/0249.json.gz","13573","F31FA3B1895EF10203A6BC4825696C08CA4F5871772A3792ABFC282688CF3BCE"
"public/hkele-data/browse/full/az/0250.json.gz","13751","28781CBF2DDFFDBD4FA684D4A12108099B51E2B85AB36982D555160E84F01D54"
"public/hkele-data/browse/full/az/0251.json.gz","13488","9B758E3CB1D0EF3F48BB7D1096391C3FCE8E6E16BD32E3F7A4ECAF86E69A88F3"
"public/hkele-data/browse/full/az/0252.json.gz","13717","34CF0700BBE4823E7F62177D824BCF73345C39E12D13CDB1CFAD88272E804590"
"public/hkele-data/browse/full/az/0253.json.gz","12856","978B963525DE7E2F5C3CD851EF54A7D239F6E7A6EC4B7579C875CA370EE2BB43"
"public/hkele-data/browse/full/az/0254.json.gz","13254","22DE467F1566ECE78A8A774E47E735F0A48213E55986F1DCD860DA35054C45CD"
"public/hkele-data/browse/full/az/0255.json.gz","13800","D8A2E8FB7D8BBE81A4EAB6A120A34D52375402A538093FA8091A2C7005FD0D73"
"public/hkele-data/browse/full/az/0256.json.gz","12946","5F0E1EB73C5783288D36F4E95D77BA18ACFABD6C5A588D72A571AF74F48EDECF"
"public/hkele-data/browse/full/az/0257.json.gz","13522","E77B3E56EC33A447098F34D88A4C98A4899551E3F6A3E667EF100E334638397A"
"public/hkele-data/browse/full/az/0258.json.gz","13332","C71E18498F5873F8A769836AC853D468A53305C89F11E41ADF641D260265FC0B"
"public/hkele-data/browse/full/az/0259.json.gz","12412","372A7F15504520BF30AC1B998513652F6E23B0529E7F25C1E71F85F114C9C217"
"public/hkele-data/browse/full/az/0260.json.gz","13616","097CC125C01BE7016A1C580C989B6B6421A03E5C01072BC559C94D9C0C538B46"
"public/hkele-data/browse/full/az/0261.json.gz","14187","6ECE62B35657A2D6CD4EF7740ACB1D20B0D145960057C98869B4BFBEAC582C16"
"public/hkele-data/browse/full/az/0262.json.gz","13540","D59CF0451B1C89AB181C23AD8CAA83361BDBB96FB9364364FD2076EBA6CC95FB"
"public/hkele-data/browse/full/az/0263.json.gz","14412","1B82EBC3A08D1CA0D48C1EF1BC3DCB179A83EE52D37B7283FCBEAE8C2F778851"
"public/hkele-data/browse/full/az/0264.json.gz","13539","DB9D204F83518887BCA7DA213670678ABE8189C8EE48721D1DC3AD6F440E0088"
"public/hkele-data/browse/full/az/0265.json.gz","13224","52996B6596A2B120DABB861FCEA207C38702769F75347E7F7EF763E097C51DDE"
"public/hkele-data/browse/full/az/0266.json.gz","13370","205226DCA6B3413BBD95ADCAD3C4705A1844BF974BBDD424B2A2C80CBC6AA55C"
"public/hkele-data/browse/full/az/0267.json.gz","13368","6C0A250B636A0BBEB94D515EFF1EABE5BCA69C2D292139FF84272A45A7164DB0"
"public/hkele-data/browse/full/az/0268.json.gz","13805","44856D3FD8355634C965131A8395586289182EA762728F73BE553B87537E7EC5"
"public/hkele-data/browse/full/az/0269.json.gz","13763","25326D975E779B8AC0A5E77062393A365F9DDBC8FD4AD2575F360483360DCF41"
"public/hkele-data/browse/full/az/0270.json.gz","13152","335E8E6AD788693E91FEC9EE67C1E74A570A8083540DAA38E7C65975D7399044"
"public/hkele-data/browse/full/az/0271.json.gz","14346","5AE2468B572ED3A17DAEE9D6B59FCF2EB036C089A6545655C3A6DF8F291CB7CA"
"public/hkele-data/browse/full/az/0272.json.gz","13938","518EF13091D0F766F11A9A795BB4114F87C4D3C9AD3FB947440235CD2F8D72F8"
"public/hkele-data/browse/full/az/0273.json.gz","13868","AC3996F38FF175DBAF12AB3528390C4A032448E57B0AAA9C6423ADB5770C5C36"
"public/hkele-data/browse/full/az/0274.json.gz","13915","E4D7D36D4D70AB9B9D08BACBE63F253370E7EB7B1DFE6921516F817FC7186FF6"
"public/hkele-data/browse/full/az/0275.json.gz","14483","AFA8364E06ED648D979B0512844AB290EE423623288ECD0BCD995AC8EA408F28"
"public/hkele-data/browse/full/az/0276.json.gz","14326","E127C980141E482877EA95C93641E990C48F6906D1FAC8D6FA3FD62E26C779EE"
"public/hkele-data/browse/full/az/0277.json.gz","13715","5CB1529C6EA7A9AD8BD09E45C0B27DB594D25E61EFB2E039E9EFF6BA101520E3"
"public/hkele-data/browse/full/az/0278.json.gz","14024","21189BF5276E9479E84DDDDA69E29D39B77F4BCE271F5280A64218DA85896445"
"public/hkele-data/browse/full/az/0279.json.gz","13631","8B34B57E0614AAD1B18E7057DF9FD4B9C3A562518BB3609D9F73E61A421D3F01"
"public/hkele-data/browse/full/az/0280.json.gz","14460","20C15FF6F54997D50E8B50EC2D6A9CFDF1CD804546216A2108C7FFB38B773206"
"public/hkele-data/browse/full/az/0281.json.gz","14698","FCF4D39001E69E8D4132C1A2CCD8926AE6DB4FFC8C5A34620CEBA9F7FE58A370"
"public/hkele-data/browse/full/az/0282.json.gz","14257","5BDBC35D1085F02268F65162E547ED98304A17526A75940412DA9BC68FE9EFF6"
"public/hkele-data/browse/full/az/0283.json.gz","15308","3166C824136D06075096FEE505F1AC102FAF6DB368C84A03F8B7ABB6C607EE97"
"public/hkele-data/browse/full/az/0284.json.gz","14882","C62697F1F3D6B57427465C4B2AEF96C0C66D38C009CB60812F3757F4FECCFBCF"
"public/hkele-data/browse/full/az/0285.json.gz","13731","6672B2355CD84EEFFE77F061C4A1411DC9DB36081A6B2994F738F898D9AC3559"
"public/hkele-data/browse/full/az/0286.json.gz","13008","4F5789706E0079E30D597BA756923FC374DE39D8177F484247E88D4A9777B2C8"
"public/hkele-data/browse/full/az/0287.json.gz","13448","FC8E05C9CF4578C222C9FFA0954F6F66A7A6B1C1CCB220F7EC7D33E03050CD63"
"public/hkele-data/browse/full/az/0288.json.gz","13719","A460A7AEB9C0ACA6664F05C55B7D2B9A4A5679B4E4134C60E150E1147FF0E43F"
"public/hkele-data/browse/full/az/0289.json.gz","14123","005F26BBF240C45ECFA85B5EA5E698C8927F3081FF2CB76382CE695C84B6646C"
"public/hkele-data/browse/full/az/0290.json.gz","14277","CAE2D2CAB2E14332BC3C9AB520801EBD48D71D64456F5C55E72884A5C7CDF48C"
"public/hkele-data/browse/full/az/0291.json.gz","13911","221920C052B1DF3C4514AD9BD141875B0CBD4FB3B2EAF60E9C4C191B7815D8E2"
"public/hkele-data/browse/full/az/0292.json.gz","14436","F57AC3B4085E814A20A8E1445BC6B43DC8956FA842327F354D8CEB04E9FAE4A8"
"public/hkele-data/browse/full/az/0293.json.gz","13991","362980C995F2266D5AD6A31D99A6FCC6BC04C6F52BB5815DA8B9745386E12C84"
"public/hkele-data/browse/full/az/0294.json.gz","13426","5A8221042A4810E7669EE4278FB70FADB97F12C7993C467A7F280DEBC4F4D5F7"
"public/hkele-data/browse/full/az/0295.json.gz","13716","9EE8326F270FBDED34690CF976B4EE06D2CABC017073C07AB8ED05E8C299BFC4"
"public/hkele-data/browse/full/az/0296.json.gz","13407","3DFE481EE09DFFBFAAD15E2EC8ACC00298F67E1208B8B8285D82844E090A70F9"
"public/hkele-data/browse/full/az/0297.json.gz","14993","9FB9EE9D7D3ED47C1920C69EA66B46813EE28E058D9525815B4A99690E420666"
"public/hkele-data/browse/full/az/0298.json.gz","14145","32134F67EDCE17B4B9481E78C5CB864E05E7B5829E87CC863BED3EE2EFC43F1F"
"public/hkele-data/browse/full/az/0299.json.gz","13806","6AE6D45B5238573A6FD255E9210CE6F024B00649BAD1EFEEF362D665EE52A913"
"public/hkele-data/browse/full/az/0300.json.gz","13586","54271CC5B619B331FAED4C9459884F5A72D45CEB3D262FCDAC48EC709A168696"
"public/hkele-data/browse/full/az/0301.json.gz","13628","95765D65D762A31B962E1F9C5598A32E9861C90490CC1D6F9BE53288EE85A66D"
"public/hkele-data/browse/full/az/0302.json.gz","13102","67A60D5C30CA97AC3504475BB1FE4BEE5A5D8A92C57CEBD176546D78E5F2597F"
"public/hkele-data/browse/full/az/0303.json.gz","13302","E461386A38780AC58648AA433196FB23C736350EEFEFFA2AA35E4C32E51A4DC3"
"public/hkele-data/browse/full/az/0304.json.gz","14033","94FDBA229FD137908754B6A6C71F4F6D486843E13DB8A963FAB1CD9AA3F5BB15"
"public/hkele-data/browse/full/az/0305.json.gz","13477","B4871BA73C448B606B7A0ED09981E17D710E315A7059B717D4CAEEBD237D6C72"
"public/hkele-data/browse/full/az/0306.json.gz","13007","C1161A1BF9D5630AD574239FE78CA5B62E325E4823C4004E69A41D2D2D41473F"
"public/hkele-data/browse/full/az/0307.json.gz","13609","8939C8E6F2F0571BA5536DF94C46726DFC41E46377A144D5E382A883A90AFB94"
"public/hkele-data/browse/full/az/0308.json.gz","14124","924A3AA2E860C985827D1036880F08887DB62B7FD4FA8488400C39B6DAA9689B"
"public/hkele-data/browse/full/az/0309.json.gz","14286","31162BC9CC5FF917DABEDBE834AC13B0DE721CB96E33BE52F6FCE4E0E9E79755"
"public/hkele-data/browse/full/az/0310.json.gz","14467","081E7DF0B86FDA06AA75616E404F05F34E472D356CFFBEDEA803147A40B90655"
"public/hkele-data/browse/full/az/0311.json.gz","13167","4AFBA98FF22464FCFA02A6C80710FBF569EB4F719BA7802BDEF4E88BBDF3323B"
"public/hkele-data/browse/full/az/0312.json.gz","12881","C242CCF69E7F9E4D854CCDC5B12624A96D9AB711E8973A6376E5AD7D59B546D8"
"public/hkele-data/browse/full/az/0313.json.gz","13428","6E22C1AB2B8EA771B531B5378FADB657AD241CA9CF4C3B066B09FA9A6A389719"
"public/hkele-data/browse/full/az/0314.json.gz","13728","E941E270AEA6B62C2CF0EF6C903B9772BFC2C97016A35B316E128F60FC9F84C8"
"public/hkele-data/browse/full/az/0315.json.gz","13062","8225625C28691C0867091CD86F38FCF8AF41CB2B6B1FFAAC9EB91A50931DB947"
"public/hkele-data/browse/full/az/0316.json.gz","13431","F329D80C290E35944E589C96E779FFBEFD1C2066FE4E8B3EE775F532F40D2DA5"
"public/hkele-data/browse/full/az/0317.json.gz","13192","F58CCDB71F7FF2CC53BF8B910E2054024EB43B0AEE847F2F8AB4A21B54C59797"
"public/hkele-data/browse/full/az/0318.json.gz","13339","94BE67F72BBF7FAFCC340CE2DBBA8065D2AFB7B3FD7C55AFB722C2C832FE68DC"
"public/hkele-data/browse/full/az/0319.json.gz","12931","E77B987F35C9F7CF8D9D001C18874F08C4860A5D5ABCF39994614A3190B48491"
"public/hkele-data/browse/full/az/0320.json.gz","13648","84D1F4A2D279C7CB1CB9C5A2F6F0448F528A9C1635ABBCF521B76E32C3FF86F0"
"public/hkele-data/browse/full/az/0321.json.gz","13347","E4502A9496CC57D3896B1B57486D95B1E0881FE8017AEA9A3636012DF4B32641"
"public/hkele-data/browse/full/az/0322.json.gz","12769","9EAA186ED9D9EB5A32222DD9F740E1F68478CE8762BBE086F9F55A10A0D913E1"
"public/hkele-data/browse/full/az/0323.json.gz","13162","02602E7747AEE97A15664238FCE6021FF4C42FE36BA1BDFFEAD13A68496DB678"
"public/hkele-data/browse/full/az/0324.json.gz","13116","8590F3C5DF9C8B3AC8D6C7A9A88F1F3A7D45BDC85B02FF3DAF49EAF1B55C76E2"
"public/hkele-data/browse/full/az/0325.json.gz","11614","7B59F66CF93A04FFC2EAF93ABD0AE1F8C7102102C1F720031EFBD58CC3F3C075"
"public/hkele-data/browse/full/az/0326.json.gz","12855","E5CE63EC59D36300CC456A51F6ACE31359CC7176DCB14D3811E284CF392305BC"
"public/hkele-data/browse/full/az/0327.json.gz","7291","8A1E3EA9D3258961AD216B3C1DD8F77E26B8241CA8700D0429B5BB62BB341689"
"public/hkele-data/browse/full/hk/0000.json.gz","25509","3CCDA361BFE98E9C0B138251E6303E6ECB12E649F151FF23D1DA894D29198244"
"public/hkele-data/browse/full/hk/0001.json.gz","26462","05FBAC8A11FB6483674587A34CBAC9A80D76AE390BE7B0704D00B3350EA90E28"
"public/hkele-data/browse/full/hk/0002.json.gz","26525","CAB4BE0B859BA176242ADF8454E9271213C94A1C95EA5065DF68A4617B63514D"
"public/hkele-data/browse/full/hk/0003.json.gz","26834","2699119AEDC9869696E065F3C56F19C06301969A4F9991D7AE5DBEB73FD92016"
"public/hkele-data/browse/full/hk/0004.json.gz","26758","812DA3C1EED25DEFE5D81C9B9F2138AA07CA65A1E5340AF75103EC23E41E9786"
"public/hkele-data/browse/full/hk/0005.json.gz","26089","ADEF424D71C29AC60D47EFAD27B8F0FEC02A1611A3E20B49FD768619D4224294"
"public/hkele-data/browse/full/hk/0006.json.gz","26034","2FCCB3D8AB9454DD0BFFA0727BE4C8A013106844F1CF2478F4927A6B1E6151A9"
"public/hkele-data/browse/full/hk/0007.json.gz","25372","F7AA90B3A0A4E5F82103F74C852315C83AC3B7FB7493A6AF28F43C0BEEA0F8BE"
"public/hkele-data/browse/full/hk/0008.json.gz","25399","D52AAA203C1ACB3954B03FD45B13D813DC1197EEF7B65B4E301C32B09E2C3CD5"
"public/hkele-data/browse/full/hk/0009.json.gz","24616","8A6D29A3C02F8699E7C24D42D5C49CFB549D2B0E5ABC1554C9CF2987DB533CDA"
"public/hkele-data/browse/full/hk/0010.json.gz","24412","A616665B580AAB2F164B5ED92A3D3340CFBE18AC64FFC800F70D3B6858DCA5EC"
"public/hkele-data/browse/full/hk/0011.json.gz","24334","35CC332AB3B386B67E52524D5C3F467DA05F2682C463570E672562ED1E35BD7E"
"public/hkele-data/browse/full/hk/0012.json.gz","23735","9E8B9F9DB270CD2AFEEEFF5C4E296DB410F8D9ACD754D8765A1C369AB5268431"
"public/hkele-data/browse/full/hk/0013.json.gz","23369","EB523F1622CD4A6C21135B53CA846AFDA7B51ED7E4DF3010703CA2E3FBEE440F"
"public/hkele-data/browse/full/hk/0014.json.gz","22639","01F6B0D311B7664DBA590CBC93C88342B29DAB57C0B9206F7A1CD4A8001A6D2C"
"public/hkele-data/browse/full/hk/0015.json.gz","22564","6F201D1880712EA66A4C9ECB963A60D9FC93A2ED80A800A6EEEE32A33FAECBD8"
"public/hkele-data/browse/full/hk/0016.json.gz","22020","241986667B8D8FC86AB7BBCE7626339C18A147A3D20EA60AA57183CB1FC0E4F7"
"public/hkele-data/browse/full/hk/0017.json.gz","21808","596BF2CEA088420C9901D3EB3BDBF7582472F1DC74B6A2CC1E665E242F414953"
"public/hkele-data/browse/full/hk/0018.json.gz","21267","172ACEB5ABB57F51DF895CC03A8D1999A4D1C1BDF8DC31897D163CE53CF4BF54"
"public/hkele-data/browse/full/hk/0019.json.gz","21160","27801055966D5342BB733297DA55674B730F5273BCDE693A0112F0BF9B2FCF3D"
"public/hkele-data/browse/full/hk/0020.json.gz","20500","658BCA1E572EE81393E3B0C2FE75552C1A4AA63EF34B7225940703866E6F5F16"
"public/hkele-data/browse/full/hk/0021.json.gz","20743","678B23FAC342AC9038831C5C8F22FE47B3A3FD62CEC986A19EF346D331F196BC"
"public/hkele-data/browse/full/hk/0022.json.gz","20229","43D70AB5B552443FC93FF79BDD50FF2AE09F976D33B6F9C80A18CB86F3F9DF2B"
"public/hkele-data/browse/full/hk/0023.json.gz","20322","351930D6A4627D20FD730210C0DE1385F34F3600AB2F1C73D3B6878173F77011"
"public/hkele-data/browse/full/hk/0024.json.gz","19751","75993F9E5572475AAF9E2342C7AF1B222AD856259EBDD0274763A33795F2C967"
"public/hkele-data/browse/full/hk/0025.json.gz","19884","10ADB92AB86AFF519BA6A8A2AE32A03D4FEBB8295D3714C0C8F35292A57F298B"
"public/hkele-data/browse/full/hk/0026.json.gz","19663","48C1D10EAC88304119F3FF572E8056872C44E5FDB629B28094F894DE62C9387C"
"public/hkele-data/browse/full/hk/0027.json.gz","19308","58EE7057B04B59CD298EF7AC850DD2D13D4193C982B95F0665B8535211EE613B"
"public/hkele-data/browse/full/hk/0028.json.gz","18903","2DD43CE303BC915FA805D1D6FE764120FEA0D171BDFFBCFBC40A36CBEB0F0FA5"
"public/hkele-data/browse/full/hk/0029.json.gz","18890","938FD70C174EAAE83CB9B754F592BD5D5E272CB92DB41A1453E8B082281EA970"
"public/hkele-data/browse/full/hk/0030.json.gz","18959","9BE5E05BA93046EC9120E4D4722B302441BD0BC7C965F6F76871F87209FF2AAC"
"public/hkele-data/browse/full/hk/0031.json.gz","18995","341FAB3D64A549B5D2270508E45C80EEC91C0CA312E47DDD3A0A3D1B23DF59F3"
"public/hkele-data/browse/full/hk/0032.json.gz","18387","D6121A2F47809E8BE7684BC14914DBE6FAF98FC056713B2AD4737C780644B458"
"public/hkele-data/browse/full/hk/0033.json.gz","18632","E4D47374C6329140F2DA8DE1D933CE271E8C77F00FE0CE4F2456D2E841A6098A"
"public/hkele-data/browse/full/hk/0034.json.gz","18273","D6E798614E9B17071005BD85E62A2C32213AFAE9E5778C3018E7EE8BEE7DE7E3"
"public/hkele-data/browse/full/hk/0035.json.gz","18224","A6B82F6D9EA564C4AF79D18594E0EA07878131CF6D9B49D84968B7C427FE8501"
"public/hkele-data/browse/full/hk/0036.json.gz","17845","B895B7152D235CC316FFBB70BBBA5B6679AE24F3F3331DA7B96ACA1601BCA7DC"
"public/hkele-data/browse/full/hk/0037.json.gz","18081","BFFBBFE8CDB25FE0CAB0E4EE785E81FD4052D3CDCADD74B0EC7DD800F407C176"
"public/hkele-data/browse/full/hk/0038.json.gz","17788","1D76B48FA1D3AB76085FE853381A24A3ECF42E31B97B8493C438FB148FA73179"
"public/hkele-data/browse/full/hk/0039.json.gz","17757","7E42C51339EACE4A396B9FEDC841FFF823E6C748DC9D982812C33C5DA7F41782"
"public/hkele-data/browse/full/hk/0040.json.gz","17771","247577C7C9E1D694DB6EDA4C8817864CBE9C0A0A04F2516FB0E389CB5D2EBE70"
"public/hkele-data/browse/full/hk/0041.json.gz","17462","D70929505A77A97F675C05BEE32C1E4BD7C5243FAB4CA18B036D062ACB9736DD"
"public/hkele-data/browse/full/hk/0042.json.gz","17713","C7A85DE693F2C010F0CE56E1D40041B84F5844F7C474879ADF07FDA291CC9DA4"
"public/hkele-data/browse/full/hk/0043.json.gz","17473","35AF75AC8E135A6397D442161E78E69FA7B27BD1DE26913A5EAB4EB0C7F565F9"
"public/hkele-data/browse/full/hk/0044.json.gz","17125","07BC1AD812A0333392ABDA9F5B1C486230418E15F7AC65B85907124B8C1AAB01"
"public/hkele-data/browse/full/hk/0045.json.gz","17222","3830DB2AD531442B84039E27473BF93A33BA7819C748890EF576921E6CE08EE5"
"public/hkele-data/browse/full/hk/0046.json.gz","17126","00E638606EDF3A7CE5E21052E46B3B4180281786D96FFC31FC1772AA0AC1B646"
"public/hkele-data/browse/full/hk/0047.json.gz","17089","8D22BB6237DD02A00E8367FF65E013529A513F6ECC3FB3DBA965A6137B69EF1A"
"public/hkele-data/browse/full/hk/0048.json.gz","17151","C371982490EC4E98577960E34FF1EB46C07594EB7F14F57C44DCD5377773AB3A"
"public/hkele-data/browse/full/hk/0049.json.gz","17161","C545610AED7314B8ABDB67162D8DDD81E81C9617D38A1CFDD1B045B01EC7D1A5"
"public/hkele-data/browse/full/hk/0050.json.gz","16773","2F2BBA9F243AF4224585277069AE1898D45EA84DD9CF3D8CA484FC97A390883E"
"public/hkele-data/browse/full/hk/0051.json.gz","16927","97CC1146D80240AD0307BD7BE8EB9D952DC5DACF984B53D6B8DF274EE0F9F988"
"public/hkele-data/browse/full/hk/0052.json.gz","16433","020B3AC57093EE928C4A929280C654CFED97D9EC5C11967B95ACBDCF3AFC1E72"
"public/hkele-data/browse/full/hk/0053.json.gz","16893","E4011675F4FC42D0D7BC06197DF822BF0D7F45CAF3CA1FC16548055A9296AB3F"
"public/hkele-data/browse/full/hk/0054.json.gz","16655","1EF6AA20AD4C7B1CAE98ABEBE6F11EE6DC1D1801ECDE7948ED33A972C8286834"
"public/hkele-data/browse/full/hk/0055.json.gz","16819","4283B4ECDD45F2C9DE1313DC502206BBC803E3221748AB7F3B07C50075AB8461"
"public/hkele-data/browse/full/hk/0056.json.gz","16447","9B6A2AE872EC765069E63BA389E0DBCCBCC79CCFD3D98B968C6919A0315458C3"
"public/hkele-data/browse/full/hk/0057.json.gz","16395","FF3EE9BA20A28E8E2DC02CD52068C7540E0EB052D94AE30BAC00280CF38220D2"
"public/hkele-data/browse/full/hk/0058.json.gz","16618","F30117093693D37FAD19B756FED68B081424B5208359A83D4AB4CB57850688B6"
"public/hkele-data/browse/full/hk/0059.json.gz","16538","EB97A7CC1B8A837B7CF7E653EE9F06BD763AD6364348A2E9D702B891E0B23043"
"public/hkele-data/browse/full/hk/0060.json.gz","16054","DA5751C59142E90041AD65A31266A1E4A85BD9219BDBB5C07DD84900CD8E5A02"
"public/hkele-data/browse/full/hk/0061.json.gz","16411","3719B39A2659FFC0CE607A4E5556F3D78C6474AF92A88896E5556091BA0AD703"
"public/hkele-data/browse/full/hk/0062.json.gz","15943","DED94597E629BF483290DBB88585E9A16016CCBB69F51791254159A66E3E250C"
"public/hkele-data/browse/full/hk/0063.json.gz","16707","2DF44728102676782A879E1083AC11AB4FD7E8C5638CCA79AB610AC6E7642FC4"
"public/hkele-data/browse/full/hk/0064.json.gz","16122","687D1B7C5210A76DC36316EEF8286D46F7777AD68E6EA4445212EC461E6D1DAF"
"public/hkele-data/browse/full/hk/0065.json.gz","15533","5117F31AE5D7E6D79030AA2337797E64620412ABB5726B5F9478D80A2BD54A57"
"public/hkele-data/browse/full/hk/0066.json.gz","16268","DC2A1C04F4A6397EDA64CE2A26B586D5103E872A9A0D6EA898F11C8C20057CC2"
"public/hkele-data/browse/full/hk/0067.json.gz","15859","091D42F0BA95641DDB8844692EAEB2970FDD7A339FCABE777DB1540E6B76B735"
"public/hkele-data/browse/full/hk/0068.json.gz","16379","C586AAA3DAEE30CDAE1D48CFE3D1F5382BEFD6A0DBF28693839B56F3B110A813"
"public/hkele-data/browse/full/hk/0069.json.gz","16163","2DABB21DD45518B2B69A3BB707C6AD8035DEC4E3E578FD464BCD98B9F871111E"
"public/hkele-data/browse/full/hk/0070.json.gz","15634","FB0F88856EE9B9FFC1F78586897AA969C229AD0E12BDFF2817B2A911F9337088"
"public/hkele-data/browse/full/hk/0071.json.gz","15334","70167D61686B047A8EB7115AB36145F536C7E445B4EA8228D54858FBA37B35F3"
"public/hkele-data/browse/full/hk/0072.json.gz","15213","3A60ABFDFCBF1442B27B08562762A0CDB90965963212023921B3AE3F991E88CF"
"public/hkele-data/browse/full/hk/0073.json.gz","16251","0D692C9250AD3828B970ABA6709D2D0F4ECCC367FCBDD53E18B088500EFCA1F6"
"public/hkele-data/browse/full/hk/0074.json.gz","15764","C82A5EFD6DA4771258817DC8422E29ADCDA876531390BD0B752261E3FD94E7ED"
"public/hkele-data/browse/full/hk/0075.json.gz","15297","E5F02F4E93261B3573FE17CC02CEEAD3D6634045B3CCB9375B1D401D719DC07C"
"public/hkele-data/browse/full/hk/0076.json.gz","15602","011620179F0B8A66F6328165666EC2EBCF90B8795A922D733BAB7E48136FEB89"
"public/hkele-data/browse/full/hk/0077.json.gz","15144","B23C962B450FB510B8597A1494EAF965D657EA650A4E2F0EFFC968813C5F6D96"
"public/hkele-data/browse/full/hk/0078.json.gz","15548","269287D117B2956304B7B274FA609978B2582335A854572CF53978B463131D81"
"public/hkele-data/browse/full/hk/0079.json.gz","16291","08A47106635E3451F961F7977AC5FF8FDC4D27A49C31DE64CECAE0D1B4A476EA"
"public/hkele-data/browse/full/hk/0080.json.gz","15209","D0F37B939950CFEEA21C02C685F5EC14C329838D47AD148E5811E3937953A148"
"public/hkele-data/browse/full/hk/0081.json.gz","15679","92312AF847182A0D209AA4E2E0DAE1E8FFC09F51D37967553FE3AC9FC82A6294"
"public/hkele-data/browse/full/hk/0082.json.gz","14767","707F63EC48312F0A3803A4527E8D74E18687ACF773BE48A6E976611B46621220"
"public/hkele-data/browse/full/hk/0083.json.gz","15166","D170415DCD8D65FA03553A256A2113866B02EC2115C41193F6B807C230BCF718"
"public/hkele-data/browse/full/hk/0084.json.gz","15380","5C9BD141D8B794AF066053494F14FF44E2B3ACC7D06AA1AE0AF62300C3DB8A7B"
"public/hkele-data/browse/full/hk/0085.json.gz","15694","02276A6A4B68B44FA87A318CAF008CDBB99552A16DB6E287E0A9398C89815398"
"public/hkele-data/browse/full/hk/0086.json.gz","14915","0B07C79E87F525DB4BEE220D97613E07256323703A8F7C313246C55FD2323096"
"public/hkele-data/browse/full/hk/0087.json.gz","15261","23E125D4147DB85BC8DC301F6727C1B56D1870A2258F51AC6B5FF5FB5A53DA1F"
"public/hkele-data/browse/full/hk/0088.json.gz","14676","5257C4A9F07114150BD88A9BB61F12B1C0BCF27A3D825F9986F68624FCEA694B"
"public/hkele-data/browse/full/hk/0089.json.gz","14945","D5F54D4A4351421FBC4930BF8CF945685149F09D0AFC571DF8653411DC0169B2"
"public/hkele-data/browse/full/hk/0090.json.gz","14861","A3BD254FAD73B07849268C78DEBAFF3403919230E81535D0E4E1DBD7F4748E9A"
"public/hkele-data/browse/full/hk/0091.json.gz","14094","92C6E0F762E2B4041547E486DB4411BDC43D6EDE6C237710C6D889CCB675E9C2"
"public/hkele-data/browse/full/hk/0092.json.gz","14385","23A33B71F114F075FCF5946C87BF6EAE603C5F53B7A23B127EF4E73DA37CC20D"
"public/hkele-data/browse/full/hk/0093.json.gz","14764","74E295AAF63AC4FACD2733FCD42BA29F819B40F9B964D6131286E7B684E31422"
"public/hkele-data/browse/full/hk/0094.json.gz","15039","170140E83670CFE93554FCCF4E446B2CAF9D7B3F9B795874254F4E896948839F"
"public/hkele-data/browse/full/hk/0095.json.gz","14794","EEDE30F60C169CE51233E3A342BF14E9A2ABD38314CECBC19C48E82154B4FE31"
"public/hkele-data/browse/full/hk/0096.json.gz","15280","D11635DD3111DCBCB5DA28B48E9CFA86F1AA8A5ADD9D57D97AB91CAD5CF1DB72"
"public/hkele-data/browse/full/hk/0097.json.gz","14480","D2AB7C3D0D0054A2C00CD70BE6CF911E0FC3A5E484886043DEE8F7C16CA1DAD3"
"public/hkele-data/browse/full/hk/0098.json.gz","14788","3F584A808ADFB9F8AA4926CB9F17C2995E60B2D5F48417C97A8F65288998CE10"
"public/hkele-data/browse/full/hk/0099.json.gz","14630","40C648521D774F56D4B2D73539276375BADA307E0ABD65EAAE8FF74F74A4DA31"
"public/hkele-data/browse/full/hk/0100.json.gz","14812","7EB181AAE6DB5F32D482C32847531CB9E08D2FF3510DDB05E76745FC6A3D8C41"
"public/hkele-data/browse/full/hk/0101.json.gz","13813","4C0BF74DAA0EB5244C10ABE5C0A021AC4C1B034AB1A7D696ECC46000B0DBBF1F"
"public/hkele-data/browse/full/hk/0102.json.gz","14181","64D8F3AFD9B6CA18AB420CFD1E4D33FF1A1ACDCB5F2BD9C249DDCEF5B6049FAD"
"public/hkele-data/browse/full/hk/0103.json.gz","14180","F016599B67F1AE9CA9914E61921C4AA3091A6BF65E8EAE3378104A21AC106214"
"public/hkele-data/browse/full/hk/0104.json.gz","14550","22B91AC380FD114E56DDD369B2516EE8572A95CF67A0F7F643234F2F54658D45"
"public/hkele-data/browse/full/hk/0105.json.gz","14638","BFF63C8E84BA9BA9B22125AE802997E9AC824718AF7172E7200B6C14CC0C2865"
"public/hkele-data/browse/full/hk/0106.json.gz","14579","2E1B7F9BD3D7E25F3C3ED6DC3048BD3279FDF5FDBC8C9A0017F272C01C8FC8DB"
"public/hkele-data/browse/full/hk/0107.json.gz","14729","6887EDCD81A4B28F7B05D180EAE52263915E5178CB9DD988725701ECA39AEEBB"
"public/hkele-data/browse/full/hk/0108.json.gz","14834","5B6FF71C9E489782B86AE7C531DE032C1EC3C5727680748C6D9D780BD8A38769"
"public/hkele-data/browse/full/hk/0109.json.gz","14552","71D836E189A3C50722A2F2DE4E1B47C623EBF97A80A9ECE4066F7B12B040B9F1"
"public/hkele-data/browse/full/hk/0110.json.gz","14415","101BFFDD4F98F9877E39DBE683F79CF578ACD0B1FFCD795469DA1B6919BCA59A"
"public/hkele-data/browse/full/hk/0111.json.gz","14634","ABDCF03F066A31F0E89079E84CBF241E2FE535D7625AA6F75C567EA997E09AEB"
"public/hkele-data/browse/full/hk/0112.json.gz","14747","7DA566C01C2A4F5086713C19926B17F06F0413AC007CEDBD875025EC104DF4D2"
"public/hkele-data/browse/full/hk/0113.json.gz","14355","573FD2C56FF1605863F831AE1DA79DE84220DB1C87B06BD97DF5B78616E9546E"
"public/hkele-data/browse/full/hk/0114.json.gz","14278","04EC750E6B0AD40BF07193F314A1CFEDD070EDA7C3BB617C62626C8A4A8393DD"
"public/hkele-data/browse/full/hk/0115.json.gz","12057","CBD1F5FA1DCE4D4BA1FBE21CF55477DB17F35BAA4076117326F90B2E133F6890"
"public/hkele-data/browse/full/hk/0116.json.gz","10210","9F272558876F56AFECED4ADFE9574737EAF93D82721DE126B9295EAD676FA737"
"public/hkele-data/browse/full/hk/0117.json.gz","10716","E151CFC0BA2F6ED97024A69C389C2A31D78926788D15A1CB02A8B35A109F8410"
"public/hkele-data/browse/full/hk/0118.json.gz","10119","5F9233D4276062628C7909A93E7280ED60B57F8996623BDCFB26048E39C3F797"
"public/hkele-data/browse/full/hk/0119.json.gz","9550","2E9EA015D71F178171D76D6572B021F0E9D7595EC27CBE938BF571BBEB683B07"
"public/hkele-data/browse/full/hk/0120.json.gz","10500","D14203D974E3DF0FBF5DB8873B9A70D9C195982198D4B98842894E3450238690"
"public/hkele-data/browse/full/hk/0121.json.gz","10161","72BFBE2B59C6B217049638206251A6F26BA400D93153EC9423D0637979BB2B9F"
"public/hkele-data/browse/full/hk/0122.json.gz","10741","5155E6F38D12E5937CAFE47A5A30790319BA21054E139CAAFE938E4435C03448"
"public/hkele-data/browse/full/hk/0123.json.gz","10537","E343E250E04B1354580AFC2EB83C7781991430CF3D6C380D670E117E18080824"
"public/hkele-data/browse/full/hk/0124.json.gz","10919","3DF9AE9538114C242D22E407383E759F26D02358F50D56B1AD0B30963F835B33"
"public/hkele-data/browse/full/hk/0125.json.gz","10376","4B329E2275CE04D91291281C5EE60A7AB5B03DDDD48843B353DB2B4692AAA372"
"public/hkele-data/browse/full/hk/0126.json.gz","9992","E399BF59C659E67A9EE612E5539B6552D90AFDC16BA649CE08BEA820CD507697"
"public/hkele-data/browse/full/hk/0127.json.gz","10620","6B5EA478E0F5287BCE822CA599410B63016EAADED3DAADB0994742100133D9CE"
"public/hkele-data/browse/full/hk/0128.json.gz","10703","5CA205ADF62C941F4FCC899C0B956CC2D92170C2ABC9CD35D9A0CC97CFA3655E"
"public/hkele-data/browse/full/hk/0129.json.gz","9998","50DA2DA78926C506A2C9386003670C3A01B22A6D50CE69D0DB3BC61A3A58412B"
"public/hkele-data/browse/full/hk/0130.json.gz","9747","0A1E10AF289C81447C6FB191EA92C34E14760CB8DA7E63F6B340743C60570D33"
"public/hkele-data/browse/full/hk/0131.json.gz","9782","84925D469E5F82A3A7A80FAC579836D34B50B0FC141642B0859ED4A6BFDEC095"
"public/hkele-data/browse/full/hk/0132.json.gz","10043","97D9BE6935912CF1C5593DCE0B2F90CC571C4EEE8B6B2862270103E9B565DEB4"
"public/hkele-data/browse/full/hk/0133.json.gz","10074","086540A3B5BD9CFE54512D613ECD9ED81F14591216228C410EEA6BEA01E7A7C2"
"public/hkele-data/browse/full/hk/0134.json.gz","10178","B0EEAEF9426EDF4BBF4F3D77AF4C9342EDACBB4954E35FB1895AC627C1772D32"
"public/hkele-data/browse/full/hk/0135.json.gz","9920","BFE672B7FB065ACEABE7CCED795B68342F28BAE8DA8D0DA127A5575AF09BDC88"
"public/hkele-data/browse/full/hk/0136.json.gz","10265","3C882DBABCF9ECC0C84260F444E877F58430A569C427633102E190096E2AA81E"
"public/hkele-data/browse/full/hk/0137.json.gz","10283","8C18729D093BF01AFB2A88519930FEF365AE7CB7B4D283CBC380182CE93E468C"
"public/hkele-data/browse/full/hk/0138.json.gz","9854","40D8DE0DF37D66016655BF8E45B45EB984849F2501C227A0D9028D24A985E15D"
"public/hkele-data/browse/full/hk/0139.json.gz","9851","F767564331771F46C9BA6B41F1CB41C85B584B02BB3ACADF24C4C169A970D340"
"public/hkele-data/browse/full/hk/0140.json.gz","10341","128BC2B858C16F8FB9E161F83A52D3C81C94A06DA61A1AD487DCDC4D1F8B8CD4"
"public/hkele-data/browse/full/hk/0141.json.gz","10398","F2CC54071B07A92BEE3F99060925F73613D62450E1812D7AECADFB0AF3D6F33A"
"public/hkele-data/browse/full/hk/0142.json.gz","9896","617395CEF392E46F46537F55AA63F718B4337514A3ACA641B2B058785E816B42"
"public/hkele-data/browse/full/hk/0143.json.gz","9717","0470C83D3A227FE3F3FABF201178F649C0FCCBE3A3316AF7EACF523D12D862E2"
"public/hkele-data/browse/full/hk/0144.json.gz","9946","57264F44FC9D52F9348FF46C482408CA1C12643F1025D462D1794178161EDC34"
"public/hkele-data/browse/full/hk/0145.json.gz","10246","53492B7DC7E2D8CB3B83D3A1D21E18DDEB48EA42CCF2D28D56412C144F6F3E90"
"public/hkele-data/browse/full/hk/0146.json.gz","9985","46B046AC8637169F7D739A869912AC6FCD31C22BEE7361062E11BF1127EF0A58"
"public/hkele-data/browse/full/hk/0147.json.gz","10185","C385B97AB96EBEA82A1DED0493F4AAE281CA80562DEEE33C5C228621E7CE8394"
"public/hkele-data/browse/full/hk/0148.json.gz","10621","ACA8AA2960E6C3A1F834CD2CF9110C21668268EBBF1933126875A78E767FB79F"
"public/hkele-data/browse/full/hk/0149.json.gz","10306","6C58E5D7269028AED2D129331405111D279FA8168D37BDDB401D3B562DE82203"
"public/hkele-data/browse/full/hk/0150.json.gz","10020","12CBDF9E11A09A0D37EFC2B9F36FD2A3179B18BD53EAB5300D0E34FE91FF0C6D"
"public/hkele-data/browse/full/hk/0151.json.gz","9949","05DB801677C6369A54AA4452E7276994BC68D9205FD1B29ED5FB895302D78FE0"
"public/hkele-data/browse/full/hk/0152.json.gz","9989","BC235B33898562055FCB354C592026510547185198A3385A1B849924865CFAD3"
"public/hkele-data/browse/full/hk/0153.json.gz","10340","5BD7610D1FC5942E7589F1236DF6543B827E67A3E28F5F72AC459D4E5B57C9D3"
"public/hkele-data/browse/full/hk/0154.json.gz","10327","F67BB459AB30366FA627C985BEB20AC6E84F35DA185D84D1DABA22D4A845D8C0"
"public/hkele-data/browse/full/hk/0155.json.gz","10737","6579B275DA8CE6CC8865FFBB0956A2B9169D976813CA336B38B0B5E438CE21C6"
"public/hkele-data/browse/full/hk/0156.json.gz","10622","8FC06E56495D4E5322AA220DA0D22E5053E473A8794AAFB0C7AF3FD76933406E"
"public/hkele-data/browse/full/hk/0157.json.gz","11025","A26519254AA5C651FAF39A6A5D2900A44F31F42F5AAE6C69BA8D370DE1DCBD6D"
"public/hkele-data/browse/full/hk/0158.json.gz","10888","76442D64A9C9590E0BCB1E010392F2C54585BF94403FA5E7073AEC4B28D2A228"
"public/hkele-data/browse/full/hk/0159.json.gz","10335","0E9661E4A1F4D3B8015A4E6F64595F7D6CE6BC9E49DBAF0FB080B7124AE0EB65"
"public/hkele-data/browse/full/hk/0160.json.gz","10272","24E2BB30EBBAF857D5FD92080065B509F90B3681BB73CC955A653A97159FB1EA"
"public/hkele-data/browse/full/hk/0161.json.gz","10142","5CB6AC41CDF17337257AA8C85EAC281F502481505BE7F0B8F0DC43BE632C4126"
"public/hkele-data/browse/full/hk/0162.json.gz","10315","9A5D7D741446EB5C1C5FD974B4A1019EC62C61E08792DD299D8B1127517B0B89"
"public/hkele-data/browse/full/hk/0163.json.gz","9893","60BEBB428FD4F2DD461A6D31D4311B3BBD7BCC7934220D226D25B4CC0AD8AE9D"
"public/hkele-data/browse/full/hk/0164.json.gz","10668","6EB130F9A41312383C1B629459DAE196D8EDEE9DED5BC4F08BC2136FAB8089E0"
"public/hkele-data/browse/full/hk/0165.json.gz","10877","C0062A53CC733B496EA44F3AE9E1922360AA51A10B160DABA70A32E87CCE50F1"
"public/hkele-data/browse/full/hk/0166.json.gz","10995","73882741578735B9B203A7061C07B69CE5BD5C195B314B468D889A75CF28A10E"
"public/hkele-data/browse/full/hk/0167.json.gz","10823","F624BC107F392F505B493A76D42A0004ADCF5FA99B366E9BA37F7B311C033E39"
"public/hkele-data/browse/full/hk/0168.json.gz","10453","BD5F9351CFFA286096EC722CD39B2BAE4433E7E30A28FC4348FEC25761844220"
"public/hkele-data/browse/full/hk/0169.json.gz","10233","7BDE957BD7A30B806A8D82184F50C2168774C201188B52D680B8C0253DED072C"
"public/hkele-data/browse/full/hk/0170.json.gz","10034","5803D5C441178AC54B92657DDC5C41600E262D304D0D3416F63782EC9613D5A3"
"public/hkele-data/browse/full/hk/0171.json.gz","10310","F7EAF1AA994B6D3B55677D794BD967DA1CAD51F98C70A4A9F2C7CA7D9531E4AA"
"public/hkele-data/browse/full/hk/0172.json.gz","10516","7C339D161FE6CEBF7B47DD21A3C3344E5B6808F00DF5DF1B8FC0C42F033A7309"
"public/hkele-data/browse/full/hk/0173.json.gz","10221","88E15C2C91449A70CFFDD402C2BB196669B730DD9EC975953AECFE244671652F"
"public/hkele-data/browse/full/hk/0174.json.gz","10420","2A724D3FB99115597961367F022FCD404AACDA5D4B81DEEB56CDDA1D317426A5"
"public/hkele-data/browse/full/hk/0175.json.gz","11238","324B196285347387BC6A4AF0C9CA041B554B0E522A3C5E37B4AA712ABF1DFE88"
"public/hkele-data/browse/full/hk/0176.json.gz","10700","0607A9A3D69676F1B715BFDB61BB631C0EEE4A83580844CC5F57738E430F585B"
"public/hkele-data/browse/full/hk/0177.json.gz","10659","D9A05ABFA827C6739EBF55140173638AF68A137497BA2ACE620DC56FD7E6783B"
"public/hkele-data/browse/full/hk/0178.json.gz","11234","2A952B11550BFD8A85607CD6A08A494AE9F7DC23478E978FD60DD4A6EF2D21D4"
"public/hkele-data/browse/full/hk/0179.json.gz","10203","FFA6E3607C8579D66CE638AF0C64F052A5701AE0F93AA20D0686C15554238C8D"
"public/hkele-data/browse/full/hk/0180.json.gz","10072","266BCE47A5E0DB87F071CFDF4E8B05A76AED1014382FD37AB1082FADF5084050"
"public/hkele-data/browse/full/hk/0181.json.gz","10141","3AD4085E65A1B30CE820DCD7CF1FC25789E011DAE0D9AC2466FE4E1E93FB5244"
"public/hkele-data/browse/full/hk/0182.json.gz","10079","ABB83B27D66E01CF5C52F46A53A2AC1AB0BABCE10E57053CF310675866BB6926"
"public/hkele-data/browse/full/hk/0183.json.gz","10087","F85B3851BD797F9A4F80C736A585E1AA8C1563D11BC7EC08CD6ABC377CBBEB65"
"public/hkele-data/browse/full/hk/0184.json.gz","10204","35FEE8C051580770E3A63C8FEC4DED6373AE041ABF871D5D3AAFA7B57A893580"
"public/hkele-data/browse/full/hk/0185.json.gz","9891","E30BAD981EDE5A2EA9ED5D9AC2A2D954CD031D294788CF3DE35473A4D62A45DC"
"public/hkele-data/browse/full/hk/0186.json.gz","9856","3420E897432EB71594209030A3B7AD7FAC9D4E66282EF65ED054D09D759D5276"
"public/hkele-data/browse/full/hk/0187.json.gz","10041","AB203333918B4266263EEE250784AC3AF2257BEEE04C57CDC99EE2FEDABB8B5B"
"public/hkele-data/browse/full/hk/0188.json.gz","10161","8E6C67D244F726429C448B5369A7746302D264BC6AF08E5E85DBAD3379A2885D"
"public/hkele-data/browse/full/hk/0189.json.gz","10140","41D6B84531146A01AC1A997475BA06C7323851DA26EBF7645BAE86A0A9BF62E5"
"public/hkele-data/browse/full/hk/0190.json.gz","10157","6A574D6D5F7B53F7E8523973D455AA1608E5CFC25CC30B9FAF3ACF753822C0CC"
"public/hkele-data/browse/full/hk/0191.json.gz","10207","8413EF57D7AE0492BBE06E62D88854E897F3ABBF2AEC5322C8E6F5D0250E1643"
"public/hkele-data/browse/full/hk/0192.json.gz","10252","20D4387AB2AE3582EF7BA3A3EBB8843A5D580292DC2611C30E4BC6F2B19D13A7"
"public/hkele-data/browse/full/hk/0193.json.gz","10040","620F463410BB62B735C31DE8F247349AD7E40C98DC8ED17FC87BF73C59AC24F6"
"public/hkele-data/browse/full/hk/0194.json.gz","10034","98F9BB47760A27FC05827C9F6BB53E372AE4B21138DE52741101A67EFDD86EFF"
"public/hkele-data/browse/full/hk/0195.json.gz","10187","69DC3A3C3DCDC936939D805BC3E1538DEE4E2C06623737DB84E76C82AC805985"
"public/hkele-data/browse/full/hk/0196.json.gz","10282","6C76FFF40D509584EDA8C6E52D17665749D6A5182EB9AC777EB4D5DA804BB70B"
"public/hkele-data/browse/full/hk/0197.json.gz","9958","96236074EE460672267716D334BB822D0AE2845AD4A4E5D1D21035D68319455D"
"public/hkele-data/browse/full/hk/0198.json.gz","10433","E38651A45189E9E86E9AACCB2CB0337FFBEC17E0359B0B7FC4B9D203D7307D41"
"public/hkele-data/browse/full/hk/0199.json.gz","10918","90606B815B7F8E922666DBADC3D5A7FB0EC856AF771FEC64323C6521A08CB668"
"public/hkele-data/browse/full/hk/0200.json.gz","10151","0034C226BEFCAB7CC7EBA425959A3D8EF37117E897BC32A8AD1F9AB562825B9B"
"public/hkele-data/browse/full/hk/0201.json.gz","10774","8D48FF772C8464B6F4BF1E52C3385A830CDAFFF2587501023B5AD24795179126"
"public/hkele-data/browse/full/hk/0202.json.gz","9878","3F265E570752B3D77622E6D85CBC0FDE1F416BB803F2F4D1BAC9813C994C90CC"
"public/hkele-data/browse/full/hk/0203.json.gz","9761","86A9FCABE52ADF28331AD5A1BB88603EDD9D73385A2AEF68B9AFD96E04BC1AF1"
"public/hkele-data/browse/full/hk/0204.json.gz","10916","BEDDFCBE7EB3A3354272C852FCD746579302D5F09BD2A8FC99CE54A361C1B6E3"
"public/hkele-data/browse/full/hk/0205.json.gz","10371","C5F48FADE26BE3508E761E66EC85BE5265E821B00FB8B3CB543705D8B08FAAB6"
"public/hkele-data/browse/full/hk/0206.json.gz","11065","4EFF529FDE575C11A7C9CD9749741B68022B443095A262A324BC52AB04C8A7E6"
"public/hkele-data/browse/full/hk/0207.json.gz","11273","C7B8119189DEA104965E77E030D0B233624D63DA6BCED3014AA71996E9E25448"
"public/hkele-data/browse/full/hk/0208.json.gz","10351","80380DBFEA70164A96DE17395B2E7C65E2F8D0C00D6AE06C67AB5E99BF58BD41"
"public/hkele-data/browse/full/hk/0209.json.gz","9780","B631E0A877AD34DE74B75C6CA5D7B2F5E7FD6E70137C12F60D47D6C00D1AFA5B"
"public/hkele-data/browse/full/hk/0210.json.gz","9889","871038AAC4817A35BE7E193C408A3CEB6AE1D59DE50D96371D383ED78E39AE2A"
"public/hkele-data/browse/full/hk/0211.json.gz","9443","E2B5035988BF26F3D151AA5461150CB4306955766337BB16B1B6A6FFD92B587E"
"public/hkele-data/browse/full/hk/0212.json.gz","9222","B6E4B8F6E778F3A0AC29BAB047D3772EAFFA8490F09503B838C9FAF38CAACCE4"
"public/hkele-data/browse/full/hk/0213.json.gz","9418","6B999B4EF6C00322DF07B636C8A122BF7FE781299C43BAA800D5EE98F80C3CE9"
"public/hkele-data/browse/full/hk/0214.json.gz","9971","CF94F959836656090E7D04863416C881F52DDF1AC8AC509D6BFC585F86970EEC"
"public/hkele-data/browse/full/hk/0215.json.gz","9502","92B76A6F7FE3CC5CEE4FC3290846D48CB28B3B4A4821EF1FD2052EECF4B1751C"
"public/hkele-data/browse/full/hk/0216.json.gz","10089","7217011CF719007E254D6F6495C88867086626D988DAA79A8D48BFC18FE19349"
"public/hkele-data/browse/full/hk/0217.json.gz","9818","F41C7E5738B9E03399EC33060D9297C1876822ECBA7C010B4FF0D808FABE3E13"
"public/hkele-data/browse/full/hk/0218.json.gz","9443","CBC69EF26F3D55FBFAC5B1861CEB0DC2E8DD75DCCEFF0364741DEF7C1E6DC7D0"
"public/hkele-data/browse/full/hk/0219.json.gz","9655","3FB7029D81A10C0155859B50218B53F4118ED6460CC5EAF62BFFCB017A0A7899"
"public/hkele-data/browse/full/hk/0220.json.gz","9563","1955E44C18BC80CACE02466F4C2EBD592D046208416B5CF78EA367C02E065D70"
"public/hkele-data/browse/full/hk/0221.json.gz","10119","CB6F15D990462348CB6B39448A24F943A4216B5EA069CC523F27F76A576645D9"
"public/hkele-data/browse/full/hk/0222.json.gz","10044","D0AE8C4343C74D8610DDD98ACD88C6DB42E7B3D183D0791CC3C88EB04B43740A"
"public/hkele-data/browse/full/hk/0223.json.gz","9980","68686F1B9AC2FEBB2AAE1A42E13374A2552B4A7059F852DAB4D2239C6099781A"
"public/hkele-data/browse/full/hk/0224.json.gz","10116","433DE28D90C6CE5D5C19786C14FA83793AE91B1A757484437A84E97870160301"
"public/hkele-data/browse/full/hk/0225.json.gz","10231","A2E9D6C36DA3FB6D62EF19271BB963D9CB3A66ED2D7B7C3CF75E3D2C2D8223F6"
"public/hkele-data/browse/full/hk/0226.json.gz","10024","3EB95748A3E250B1C8FF03DCE4D542182EDDFF623934C234F9BF3E748A7626BE"
"public/hkele-data/browse/full/hk/0227.json.gz","10184","08B2F69FFC9638495F321F457181AE00BF37DB173C8A8DDB33D5AD290F7E7789"
"public/hkele-data/browse/full/hk/0228.json.gz","9840","520EDBDB3C37A4F5E4A5C56F9E5093B4CEC64D8A5B77CBE4BB093D269C2FEB59"
"public/hkele-data/browse/full/hk/0229.json.gz","10142","A85393850A4EC75E7B92AC713A7A1E0C1FDD1235D487C57B710CE64FFFE8C22E"
"public/hkele-data/browse/full/hk/0230.json.gz","9803","1833C374D93E4B9FDC3BEF5D6231E59DE943BBCDD5FDE1799F9099F2E3359FF2"
"public/hkele-data/browse/full/hk/0231.json.gz","9922","741D502B015523D4E8B0101DA4ED0DD7B9CB7D0A7BCFD5ED038C67C0A437BD5E"
"public/hkele-data/browse/full/hk/0232.json.gz","9841","31EB845D2403627974186ED6406FB39B54E382B08D92E84F2CD20942FB1550FD"
"public/hkele-data/browse/full/hk/0233.json.gz","9880","7992F1A1380F7C96C1C388DD574A625EDFAB60D15610BF83871073ED7CEF76C1"
"public/hkele-data/browse/full/hk/0234.json.gz","10014","DF8277F47C7EE0FF55846F6F7675D5F517E99BD5DD4821C22305E9DCDF2466AE"
"public/hkele-data/browse/full/hk/0235.json.gz","10429","DCE893F30E8BB4A1EE6FD59B9E0DAE45CFF76D8E87A65722107E71FC9E84A835"
"public/hkele-data/browse/full/hk/0236.json.gz","9931","DEEDCC1F91277F11DEBD383DF056FC014990CA86FF660F895B6294DC49B13454"
"public/hkele-data/browse/full/hk/0237.json.gz","10308","D9C85DB86DBA7FAC37DDF798273FCEF628CFD13830F161F9A6569FEC1FBD8B2C"
"public/hkele-data/browse/full/hk/0238.json.gz","10756","BEC3EC2A6A51AF63D47A60C49FEECEF76D3C5F5E85CAF031F88A6AF55C1D8099"
"public/hkele-data/browse/full/hk/0239.json.gz","10405","BD6845F541804ED7914D1E535447D056A40AB6DB783D6768C24E0B1DB318CA23"
"public/hkele-data/browse/full/hk/0240.json.gz","10164","63B83DB7E10B9DBC1869217834B91AFBD2E2302ED71613185DA26BAA7D3277FA"
"public/hkele-data/browse/full/hk/0241.json.gz","10114","2B1F540C608BADD078ED540E6299CAB4F37AB4BB38FAFCBF9371C29ED06237DE"
"public/hkele-data/browse/full/hk/0242.json.gz","10188","96B67B40765C705A5BA1B0B85B7B16EDF3119ACFCEEF29C485093C7D3B59558D"
"public/hkele-data/browse/full/hk/0243.json.gz","10167","8DBE47E7E57F8C51DF3B5F2098581C62E35BFAF6E3CBA1F2CD40D66827BD9827"
"public/hkele-data/browse/full/hk/0244.json.gz","10072","8620503349CF279C0746CA389187FDDE6E68AABC13BC59805247ABAE1890418C"
"public/hkele-data/browse/full/hk/0245.json.gz","9771","774906E8E72879C3171CB3B5F0E9D2D6ACC8299AA58F0ECE543ACCD4045BF104"
"public/hkele-data/browse/full/hk/0246.json.gz","9905","DC449D782015D6AA8A049C927BE4ED632F4D7919BCB697DF0DD379F3B9B24161"
"public/hkele-data/browse/full/hk/0247.json.gz","10481","6CA28D85058ADF426967901AF92AFD00869A72104DC5BFB2A8499B4AB3F1A142"
"public/hkele-data/browse/full/hk/0248.json.gz","9719","B7085F817ED251D4C504E9B104D1967042ABBFE7F6FD8738415386646BDCBFFE"
"public/hkele-data/browse/full/hk/0249.json.gz","10149","70830676BFECEBBFA0726BF706463B15D33B2B0F14523D97FEEB68851AC171FA"
"public/hkele-data/browse/full/hk/0250.json.gz","9725","C2304302C4DE12F6DC1E3D83B896CC6F1BBD08B0F2CB9FC9CE2E9350BF4B6C03"
"public/hkele-data/browse/full/hk/0251.json.gz","10740","807E55B17E3FEF8AB983391ACC869D46948CC4A4683E2B58D271D1AC98299504"
"public/hkele-data/browse/full/hk/0252.json.gz","10313","170C7BFF759780824D92DA87CE667F3C9E51143A01F974C6C89D4D58483B6DBC"
"public/hkele-data/browse/full/hk/0253.json.gz","9989","2405920D1E0E68FD5A5E3F6605196319C10CC8ED6B4B086A2B2863E9348FD531"
"public/hkele-data/browse/full/hk/0254.json.gz","10520","F990360C3A7B28D905675943AE86AA69D9FAE0BA10AFF587CC6CC5C3FC51619A"
"public/hkele-data/browse/full/hk/0255.json.gz","10440","95B152DFF88D929D42B2F486591E062674D537DA655184C0CDDD9E7B25A0D58E"
"public/hkele-data/browse/full/hk/0256.json.gz","10126","85243BE869135F487B8F891F88867B9E04C60D36240818F49D8010B1ED636974"
"public/hkele-data/browse/full/hk/0257.json.gz","10915","9A60FC62C972ACE9CAB36E6E753A243B5FBEA9BAA11BF14D0B4345990A10C817"
"public/hkele-data/browse/full/hk/0258.json.gz","10001","AFEE2D60F821BAB6F56CF82B673F13EE4C750522306198C3A4B736122871C32A"
"public/hkele-data/browse/full/hk/0259.json.gz","10324","B3AF2FB040097709E926208DD58B37E8E8101CC01BCE585E34F37CAD58240267"
"public/hkele-data/browse/full/hk/0260.json.gz","10717","2E72B55738923DE3A2DBD24D86C62BC5444B5D246D3770FC4E9727A2F45A3EE6"
"public/hkele-data/browse/full/hk/0261.json.gz","10521","E0783D4F7EC1C1A68484CA274CF1A5D39CF0D6FD120BC34F777EF497046C2043"
"public/hkele-data/browse/full/hk/0262.json.gz","10009","36485F3CEEFFDF3F030CD83CA96856C2E47B662174940F269C07980DCB152972"
"public/hkele-data/browse/full/hk/0263.json.gz","10171","91A1D10ABC88245B956192C85294B0EB3DD7FF6C4ED169A614C83069FD077B2C"
"public/hkele-data/browse/full/hk/0264.json.gz","10198","1A1274405200CD49FAC79294579B249CC185F61A4B865D2D2326B9C343309756"
"public/hkele-data/browse/full/hk/0265.json.gz","10496","38A06B77AC57EDE85DB282475614B37CE1C6540F7C7E49F2ED0F4EFA1B7B55BA"
"public/hkele-data/browse/full/hk/0266.json.gz","10352","28507904E8C8DB0101E105329BC26A154B1B04593848B0E7264B550FD0E7A670"
"public/hkele-data/browse/full/hk/0267.json.gz","11036","0BF7E3118E97F7555D7E7FE40F5A59C3AEA772FA7766763EDD7105A4BDB3B0BC"
"public/hkele-data/browse/full/hk/0268.json.gz","10394","F4CBD73009D6679E2008666221BC913ECE3488F62ACA287090B5D3CCEB25AB66"
"public/hkele-data/browse/full/hk/0269.json.gz","10061","4D99ECEDAE1734A0F2AA82C3627A506A455DE9E681F29F1F8AF968A04F3FBB81"
"public/hkele-data/browse/full/hk/0270.json.gz","9816","2E5CD16329942053E089C8573E5F5562E758EB00CABA7EF50896F0C6198FE573"
"public/hkele-data/browse/full/hk/0271.json.gz","10307","B738FC55C6006F2EC46FBACF5F7DBF23FF58605B48EEF08703E801811AAA21F4"
"public/hkele-data/browse/full/hk/0272.json.gz","10139","C01A740DEB53705BE6839AE780438EE271480F665549E185981F6D3D82FF55A1"
"public/hkele-data/browse/full/hk/0273.json.gz","10760","E973F7482E393CD3AACA7F0FA8544AA8FCC71587D7134E12D62D00489D3399A2"
"public/hkele-data/browse/full/hk/0274.json.gz","10982","98F7336C46B0178E14CB20EEBB324777E551BE3F7AF86C41C7059CA68E29B104"
"public/hkele-data/browse/full/hk/0275.json.gz","10179","9082623AFEE66261F2588EE63171F1538244560221C52299D408BF16BE42B351"
"public/hkele-data/browse/full/hk/0276.json.gz","10130","9B039BC1650B899318A0B54565DA74D338D5928E07C27461DCB4706527696F2E"
"public/hkele-data/browse/full/hk/0277.json.gz","10297","590D4620D6788CA487080D3A9D2C28A25C42DF8A051DD80A1CF1E1C3C2C6DDD3"
"public/hkele-data/browse/full/hk/0278.json.gz","10018","8CCFFE31135E7EB505638B3E13A138C7EAE06504DE726430665F3564101825F6"
"public/hkele-data/browse/full/hk/0279.json.gz","9724","3678D3F8452EABDFC581EDD4BD769ECFC70216EAA6CCB54BDA99688752A7CD4B"
"public/hkele-data/browse/full/hk/0280.json.gz","10196","3EF232647CADE95E41D6D19C7B6CB84FE2407FF763C42D0EC05D48F31E844D57"
"public/hkele-data/browse/full/hk/0281.json.gz","10061","F5F3845F3B59C1D053E81A88CD24235C9642309B2B648C07BC05F7784D52C971"
"public/hkele-data/browse/full/hk/0282.json.gz","10141","C4725B8C1C86AFE9BA04ACBB4E7D599990EC85C7E90B37B47C4461BCBEE1D4FA"
"public/hkele-data/browse/full/hk/0283.json.gz","10092","0E89D7AED6E9D2CD68A1D9AACD85D162FF7DE09596D76E946BF8A2C5091B3518"
"public/hkele-data/browse/full/hk/0284.json.gz","10017","EAB2BB8E3AF15DEE911471146E05E21B7B1008E6B9F073CD5483042D569C4E17"
"public/hkele-data/browse/full/hk/0285.json.gz","10123","7639A5E146C2D42F08EC9BDFE9A9338C1D07EA5ADFA7A89A6BA731FA95A4449E"
"public/hkele-data/browse/full/hk/0286.json.gz","10062","4EF69EEC9BA8FC8C7CBFF562F848E9FB7AD7BAEC0F11EB0B3BC17D3037FA06DD"
"public/hkele-data/browse/full/hk/0287.json.gz","9866","144C90343422B85E48FC776E6AD5C78E08E49E7E8D6CCA19C69DF2878D80BC9F"
"public/hkele-data/browse/full/hk/0288.json.gz","9692","B4390B9CCBD50A8AE77BD9057F879E962A80A81A1614A6971968DBE79D1C01B3"
"public/hkele-data/browse/full/hk/0289.json.gz","10110","CF1C31DFF4C67B3005518CB2450BCFE562D18F4820A71F7B2AC9CB12DE7E7F7E"
"public/hkele-data/browse/full/hk/0290.json.gz","9671","52773DAE2E59DB1B0D7B064949F1B3AB4668EA36A0517D6D2EBD738CF189D102"
"public/hkele-data/browse/full/hk/0291.json.gz","9698","8A4B76EC5FCAD73AC9AE50C8B13B683CD8A301DE55AD295590CF3C3BE0C5CDCC"
"public/hkele-data/browse/full/hk/0292.json.gz","10080","4C5DA84E148A40860DD0779631E1BD98E141D688A4B3CF8F747EFFD37D77762A"
"public/hkele-data/browse/full/hk/0293.json.gz","10335","5097D543756B5BFD1FF11619BA4517F82D535E79FBADE90D907FF534B1993FE8"
"public/hkele-data/browse/full/hk/0294.json.gz","9915","CC0BD2089BE8D6741FEE2BE54D26C23C104E36BFE659B418D4AA499A7B8946E7"
"public/hkele-data/browse/full/hk/0295.json.gz","10278","0D8BBC7AF520140BA19892ED3AC2C5F7740FB278A8288A318522F5A25B6A3187"
"public/hkele-data/browse/full/hk/0296.json.gz","10271","BD8FCA466879DB8F908C23CFABD1B08A00BBECD26474A4CFBC29AC1FB0E1B05A"
"public/hkele-data/browse/full/hk/0297.json.gz","10179","F2D49CE52FDFF52FC2488A5FAC07B27730B97569D8C572F015A3DFCECC97A61E"
"public/hkele-data/browse/full/hk/0298.json.gz","9976","EDD814F1A0946CFD1C1E85220FABC0C0A09725E5934DD49EFAD9A872E4FA0A64"
"public/hkele-data/browse/full/hk/0299.json.gz","10841","E389E2A9D9DA1F3C59C634951A9F70DE4404ED923B14DD37C0B03F708FD09B02"
"public/hkele-data/browse/full/hk/0300.json.gz","9547","86CFC5214DBA963075769E3B1A37CC2C831FB9D5FA00FAE14348C4FFB809D8FD"
"public/hkele-data/browse/full/hk/0301.json.gz","9941","AAF7084112C07BDD96F0971893978659B1F598CE987A59BCE53D886AA281DFBF"
"public/hkele-data/browse/full/hk/0302.json.gz","10408","0161432431715758B8633B98D00543584326D28346C7FDAD9739C7FDF8E5D3A8"
"public/hkele-data/browse/full/hk/0303.json.gz","10240","2FCE5D732D9E9133AE872F5FBED7A5AEAEA25F0CB14C57CE130148CE0CBAD603"
"public/hkele-data/browse/full/hk/0304.json.gz","10240","9B2DD7B6A43212AE4A11640B6EC1A367890F70C3F90D64F820A562F54CACCF2A"
"public/hkele-data/browse/full/hk/0305.json.gz","10262","9DF76EB0EC941A77BB7A3F9D422151E4D88C6AC566F22888B5A80AB4AA529E0B"
"public/hkele-data/browse/full/hk/0306.json.gz","9952","D52110DE9BD930F2BD6F18F7EFAFE978E150EB2E7CF8E19FD36E7A736E825C01"
"public/hkele-data/browse/full/hk/0307.json.gz","10439","47E583BAF8772FC6C829D41413865D7F6162AB39BC3845F9F2A9B083548D17B0"
"public/hkele-data/browse/full/hk/0308.json.gz","10651","3A39825BFBD1E104C64C074145D1DEDE2DE58E5252E05D5B7A12A7560F05309B"
"public/hkele-data/browse/full/hk/0309.json.gz","10236","106BE998DC42234AB76C06D4BEE57A430403F7AB2BA0AAB1F6DA016B880FC8A0"
"public/hkele-data/browse/full/hk/0310.json.gz","9834","959BBDA9FE8413E3DBDC26178A238923F3F0E31D32517B020189523AC5ACF8A8"
"public/hkele-data/browse/full/hk/0311.json.gz","9665","476BEAD9396124D676A96C4ADD2E400227887B50BD5BA3B19944C63F7ECB6A9E"
"public/hkele-data/browse/full/hk/0312.json.gz","10138","8C3967A820CB3B73A2156BDFDFFAFBAEC85AB08E7A8C85CDDDC7679B9F0B2915"
"public/hkele-data/browse/full/hk/0313.json.gz","9862","AD8A2BB238FAE7CF9FC7A9E51171B134DB916C8E58B2B85DECEDF8DAC959626A"
"public/hkele-data/browse/full/hk/0314.json.gz","10239","0DF128EDA333DAAD1547B7BA4AFCB31221D001285A20B37D99A29A46CF90DE3C"
"public/hkele-data/browse/full/hk/0315.json.gz","10068","6F2C2FF27FEF50CFA89DD49DC89CFC8B15179EB302ADBF7FBDB11E1F7196C17A"
"public/hkele-data/browse/full/hk/0316.json.gz","10161","B0B1E8A96FAA4E209B09028E819B93634C78CCCF38A1CA5145786B4A0D067E3B"
"public/hkele-data/browse/full/hk/0317.json.gz","9697","ABDBE92F4A7F73FF408773457D1E1609199B3D9A63FDD0D5E06622530B7045A2"
"public/hkele-data/browse/full/hk/0318.json.gz","9874","34987655C8EF5C5D596541F070058A229725851E51726B155213598897F361C1"
"public/hkele-data/browse/full/hk/0319.json.gz","9880","950063DFABCBF33B307E0576F5A6FCC5083E5B4E5E171C617413F9C226F158E0"
"public/hkele-data/browse/full/hk/0320.json.gz","10005","6146EB8CC96BE7FAEC7246AEF6187205240C6D82679FF0129A99FBBDA9FC85FD"
"public/hkele-data/browse/full/hk/0321.json.gz","10134","FE5274AE546B3D245462D0B2C66F9088E6B0E5180EAA6D7D96510D3C7951611E"
"public/hkele-data/browse/full/hk/0322.json.gz","9864","4A3A0CEDEB8FA8512C61D2A2428678D88C33809830DB0A9A3159724E68501AEC"
"public/hkele-data/browse/full/hk/0323.json.gz","9762","C27C4E6E0FCC449957419D184339C0612AD9D82E0B0309C5CD650FAC3C192F80"
"public/hkele-data/browse/full/hk/0324.json.gz","9420","BEE97C850D00389DD69FF71CA7B795A2793D29BC4A324F0E080D9C995F6CAFE2"
"public/hkele-data/browse/full/hk/0325.json.gz","9400","BDD40FEF5239B1B12C54122B0FE6CE4562761AC8819C28B1B84008386CCEABC6"
"public/hkele-data/browse/full/hk/0326.json.gz","9388","E6E1BA8E1D0262E976EC4E51CDF8F7A757C791EAE34FCD2601FF38F6CCB8C3EF"
"public/hkele-data/browse/full/hk/0327.json.gz","5927","2366CAE615202A2A6DF8721B80CC37CB4C3820FE7F0742E4C8A6ECB775CE7CA7"
"public/hkele-data/browse/full/overall/0000.json.gz","25031","48259FC09333533EB4BFF7A95D41D4C2F910E50DC8DE573862D4691BC6D07572"
"public/hkele-data/browse/full/overall/0001.json.gz","25956","528271055F51399BF7FEC8C770F4CE1F4AF38968E8E4708F8917DE6E49C19EB9"
"public/hkele-data/browse/full/overall/0002.json.gz","26652","3678484A0932837C17C3B4EA0E65E92A316CEDD05FAC1A0176900FE3040975EF"
"public/hkele-data/browse/full/overall/0003.json.gz","26776","DA6929F3DD5FA7E84B95915CB7C9530458F84E1327B23E47F53D990C77954337"
"public/hkele-data/browse/full/overall/0004.json.gz","26522","115017B9213183E24E299758891EED50A17DB0EB90005AC39679FAC33848D5FC"
"public/hkele-data/browse/full/overall/0005.json.gz","26084","8216D8D5F6E4975210420E8A4B6989B309271CEF00B688F8D62DAD4D7E32A0AD"
"public/hkele-data/browse/full/overall/0006.json.gz","26326","21B76AE0C5F12C5754DA08AA6F43BF0AFD9B7BBF504200C665C73ABD932F5CC5"
"public/hkele-data/browse/full/overall/0007.json.gz","25512","087623E3CD909D9DA480A6D24374753C7E31651BE5854319F950F8492FBE217B"
"public/hkele-data/browse/full/overall/0008.json.gz","25258","0AC1AC1FE792152EAA420ABC01CE833A61A9E4AEDF847D65E89C628318C6AC5E"
"public/hkele-data/browse/full/overall/0009.json.gz","24880","19750A660396BB4A427A42C598CCC1FC25836B74D133FE5C5B76AACE134ADD9B"
"public/hkele-data/browse/full/overall/0010.json.gz","24796","2D8D45D3B29A8E4D966D8CE205B6639F51F04D7C8705B8F4C4075C286C7F6D63"
"public/hkele-data/browse/full/overall/0011.json.gz","24297","DE32D64214AD4EB7E91918794BAA1989211839ABB34CF7FEBA6ECE08076D3875"
"public/hkele-data/browse/full/overall/0012.json.gz","24289","AF16AFC241AECE9152364568B94B0F2AE793086AE0C1835F9C74B24139EF6BFB"
"public/hkele-data/browse/full/overall/0013.json.gz","24058","77F7AC770240B5A348275B39338DA02AAC487EE4E0E1FD54BF9F32C34F8AC1FE"
"public/hkele-data/browse/full/overall/0014.json.gz","23670","D21DBBC12700175C7E5B85387A94D67AF2390C832A666B4D78B1D2EBB85588AC"
"public/hkele-data/browse/full/overall/0015.json.gz","23097","17F547740F9A1D66B2A58B923F6A44D66F849D5F79FBF8924F85AE8937FF68DC"
"public/hkele-data/browse/full/overall/0016.json.gz","23637","A9528BB8DEA74604ACB9AD89881D665212B905B009256913B71A27A9C50F3168"
"public/hkele-data/browse/full/overall/0017.json.gz","23149","D1656443813607255EA0FF1315E7A15A457922D08D669886E39D1E94A3C27E5E"
"public/hkele-data/browse/full/overall/0018.json.gz","22909","21D797222E2F63612974B353400756EA85EF8FEC1916677AC7EDB23118891A75"
"public/hkele-data/browse/full/overall/0019.json.gz","22691","2073CCADAC159C3047F14CE321A917AF835D866A44F19E4A2EF832750BD71DCE"
"public/hkele-data/browse/full/overall/0020.json.gz","22165","B4C3EF2CE527B5770248DFA0823CC0568C4D7E2E62C821B3434EC43D2DE0AD37"
"public/hkele-data/browse/full/overall/0021.json.gz","22359","7AA7E32E70C5295F6C7E6B0EBBE2F06E3040FA0B2F9BA74B2A89622E51C9CF1A"
"public/hkele-data/browse/full/overall/0022.json.gz","21803","D0ABEB57EFD0F7A6107912EEED0D01C9FE0D5E9FDB9386EAE38DEDAA50B62607"
"public/hkele-data/browse/full/overall/0023.json.gz","21581","6BBCB6A7EE13791A47C06E96E1BB99FDC7ABB25583063D2D19D7ADEE7AB9FE2E"
"public/hkele-data/browse/full/overall/0024.json.gz","21680","6AA5FF2986E317DCAE5480C35FFCB976947B62344E53D02E7FC6A1BEC91D92DF"
"public/hkele-data/browse/full/overall/0025.json.gz","21630","D5ABADF6E949E8E318B2490D74CE6552EE0C86FEC206CE2E7F7E6E2B1193ABB0"
"public/hkele-data/browse/full/overall/0026.json.gz","21135","37BCF872514EA88B6019520C08822C1916F9AFD6103F647DF0A4EC7F7D7CEF2B"
"public/hkele-data/browse/full/overall/0027.json.gz","21138","8477548C08FDE2349E1E1E54C713E9E28BA17004AAC50EB5F09FA2019DCD5B4C"
"public/hkele-data/browse/full/overall/0028.json.gz","20870","B7EB5EDE781056FA523CE205209B8CB1FC19898B2D921FF244554F3B7C374040"
"public/hkele-data/browse/full/overall/0029.json.gz","20290","488CB1FFF58173F0D0C7807D40734157B3238CA26BB519F9323512558B11EC06"
"public/hkele-data/browse/full/overall/0030.json.gz","20209","BA8233561EC6007C0DCC5E5122215A068DE4BCEAB9B6E9E135A314347BB5D508"
"public/hkele-data/browse/full/overall/0031.json.gz","19961","DE42B82BF64671837C9CDDCF49EF812CDD5912D43BFE30B4C3B4A4855E107412"
"public/hkele-data/browse/full/overall/0032.json.gz","19718","BD87D48EF7AD60F41650E3734CAABB26CF3DFD237DF21B8611B43F6E70CCF6BC"
"public/hkele-data/browse/full/overall/0033.json.gz","19335","5FD4C70E3FAFD3D4F58166980A494463E6DD6D4B0886F4FAB6906488391F3AB3"
"public/hkele-data/browse/full/overall/0034.json.gz","19705","9AAD2346B4549ACACEF69C5032657627005C9EA8C3060C6B1F4855DA426C008A"
"public/hkele-data/browse/full/overall/0035.json.gz","19190","45C36E9498FA2DA4F30FB9FFA18C22A4B4CBA88AA4E05C4379EB5333D3401AFC"
"public/hkele-data/browse/full/overall/0036.json.gz","18960","67E954F16F185AFC52809753D99A8C640ADC148A1C12CE416C2BC1D61C5CC835"
"public/hkele-data/browse/full/overall/0037.json.gz","18697","9AA8B01C7BA0C3E7FDFABC032D6BD37B510F51FBB9808F035B9694BEA38897B5"
"public/hkele-data/browse/full/overall/0038.json.gz","18473","B87F53AE17563A54DD614085F379E74FE8275048978B8371496D642BBD1D159E"
"public/hkele-data/browse/full/overall/0039.json.gz","18667","F688CC392C6ED048EF9CDFD12B82C217A3D72B06247020AE0180688E4201F86F"
"public/hkele-data/browse/full/overall/0040.json.gz","17873","687194B529F6CCFB44ED5024DD8578618D434ED13A1FEC0C4C3BD4CF2A8A4771"
"public/hkele-data/browse/full/overall/0041.json.gz","17990","3AA891CED501A07AB2CA3DA32AEE5C26620B40CC279AAC9725F09C3F9E97ADD9"
"public/hkele-data/browse/full/overall/0042.json.gz","17913","EC21F9849819D24DD4ED6CEEBA70DFA5C014EE64EE7B2940B07BBEBC2B4A9A0E"
"public/hkele-data/browse/full/overall/0043.json.gz","18033","4372C8D99FACB715373AD09C721746C757D9D29E1C00EDD37361CCF20588417E"
"public/hkele-data/browse/full/overall/0044.json.gz","17703","3481A96BE7148A51733DB0F4201AAC3976193F326440C4059034511A81EE91FD"
"public/hkele-data/browse/full/overall/0045.json.gz","17356","D2A3AF2C3D9EE05952BFE05FD0C6B64FFF34027A24FC8EC4E4CB04F18252B872"
"public/hkele-data/browse/full/overall/0046.json.gz","17358","470DBD4F984B80AA8B1520017D1391FE653046DBA40C6AB89F6993E203AD6780"
"public/hkele-data/browse/full/overall/0047.json.gz","17035","F37804BACDC77AFA6E948C38CBF0203DDF7DC2B838E70B40A1D23C2713DE9486"
"public/hkele-data/browse/full/overall/0048.json.gz","16813","C0795113C88EF8C4119736081E58825611673AE46E3B6F44594AA5EB0F9F6942"
"public/hkele-data/browse/full/overall/0049.json.gz","16546","FAC259DBCADB9AA79B2421112E0EA32E2F9FF062DF7D30B65AC680FA3A6F3A68"
"public/hkele-data/browse/full/overall/0050.json.gz","16707","9B1D2971C7E83C8B44D27EBB898FF3E7737E72F968782CD737102B13C26A127D"
"public/hkele-data/browse/full/overall/0051.json.gz","16633","20328CA8B620572B01362ABE022531B088E08706DE601B0AD924A1F5D25059D6"
"public/hkele-data/browse/full/overall/0052.json.gz","16165","BF32FE8ED6C011719AECB7AC873545F8990541503FA373573A9B7435D05CAC57"
"public/hkele-data/browse/full/overall/0053.json.gz","16492","2FBA8AD869F286667F7E81EFD4E2C8C108C5EDEF854913701C28B2F7AAC6CC20"
"public/hkele-data/browse/full/overall/0054.json.gz","16137","F78E4C27D894676FA6CAC9CB5CB5C33CD786F15345301F5CBB524404D6492A29"
"public/hkele-data/browse/full/overall/0055.json.gz","16255","4B3ECDEB3573825A2920FBFC78D940CD7ADCF32E65397D4F4A75D3A21C5D1071"
"public/hkele-data/browse/full/overall/0056.json.gz","16091","514516013D9B16AABE9371E11BD0D08CA47D1ED3311F56996B215DC4B16D41D3"
"public/hkele-data/browse/full/overall/0057.json.gz","15744","01B13E6DB755CE0D98F9E48BE6A7F2D22008AFF05DCBB3394AAB4DD513B92395"
"public/hkele-data/browse/full/overall/0058.json.gz","15727","336CDB04FD77490D9A2ED83952553691ADBC0790C75EF8CFBDB8FC6F62B3B555"
"public/hkele-data/browse/full/overall/0059.json.gz","15883","26CAAEC9DC496809EFE42E6031A0D27D42B64A061E353CD88F5608F7AA1DCD94"
"public/hkele-data/browse/full/overall/0060.json.gz","15583","266A10050334F5D3914A67599A45479676A080B3399E7429E250631E0AC94FDA"
"public/hkele-data/browse/full/overall/0061.json.gz","15315","A3A44C504C067404829E22E74EE214F990428AA060B316C020161DB563C30EB1"
"public/hkele-data/browse/full/overall/0062.json.gz","15512","CAF9CBB7C314B1745910FF512EDC88BFF395E15E53FFBF7FCF9F990D9CD00FEE"
"public/hkele-data/browse/full/overall/0063.json.gz","15136","2413232DC54F58ACBC0E85218E97749751D99257D0B91B46FFE874F272582906"
"public/hkele-data/browse/full/overall/0064.json.gz","15422","A28D0FF03221FF11A0614E3CA7D1659716704AD53FE5CBCDB61E3D7E0586C97A"
"public/hkele-data/browse/full/overall/0065.json.gz","14739","05407F046DB4C5C773A3805F4824971694BFFE7535E824C57B60428F9400D6D2"
"public/hkele-data/browse/full/overall/0066.json.gz","14854","F8B62A063BAF4190CE47DB932DADA6585E1A77199A0AFD3266E2E17C8F4B0201"
"public/hkele-data/browse/full/overall/0067.json.gz","14551","464ED10D4CDE444DDCE2661BD1EFCAB2D4E4BB7D53A7025BB05C84E91A738574"
"public/hkele-data/browse/full/overall/0068.json.gz","14686","DC6C8B5C17C001603710A151E690672298E854E4514FE279C0D116FC3803A173"
"public/hkele-data/browse/full/overall/0069.json.gz","14973","6F621F713D258FD41DD2B70416DE185327E885DF55961E28501FEEC99A90EBFA"
"public/hkele-data/browse/full/overall/0070.json.gz","14597","4F0EDAEAFEC0485BD4EF0854D1F9805FA6ACD9341FB55794A2455F8404A0E07F"
"public/hkele-data/browse/full/overall/0071.json.gz","14691","BD8CC8A12488D9BF83F0168436978A97A78E2777C8C3D84F382D7F4E3CA57A98"
"public/hkele-data/browse/full/overall/0072.json.gz","14384","E6ABA3E3322551142112847B47A0F20EE39DF11F19E44F98D3A16FC5A49D2719"
"public/hkele-data/browse/full/overall/0073.json.gz","13529","0C63AE4EA1D283C4F629D76DF70D40FF538353D2A67E14F4C37E845A69CD017B"
"public/hkele-data/browse/full/overall/0074.json.gz","14265","AC68408C1AE28C6F83DE7CD20539ED619EA5936070BC2F62D90C9406EE9DD82D"
"public/hkele-data/browse/full/overall/0075.json.gz","14236","B9FCE5F3382D0C9B9FFCCB484EE5319DB9E1A67E1C30132BE907178AF3B36C3F"
"public/hkele-data/browse/full/overall/0076.json.gz","14242","97FF6CD0C0A88EA3E446C9F5BF93777FCF3750AAF1A3F8115DC82649BC7FBB96"
"public/hkele-data/browse/full/overall/0077.json.gz","13603","277569584370D77D3FEEB2E77A9FA2BCBDC4D629D4B07CA5273CF20BCBDB3DA0"
"public/hkele-data/browse/full/overall/0078.json.gz","13318","5A19C375F61509BD8E86727778EBF3F21F32FA8340B182E39F56469B9B54DBE0"
"public/hkele-data/browse/full/overall/0079.json.gz","14178","91266CCFE6DE239DF2AC665208A9A65B07935F64A60C5282435A1896F6319F5B"
"public/hkele-data/browse/full/overall/0080.json.gz","13485","75133A311ABBDA8BEE59D56198087CDA18CE7D28D0467085FE718F1CD943D880"
"public/hkele-data/browse/full/overall/0081.json.gz","13332","FB4A41F3BEACFFC2F547482C62DB9DB6301982708C91A1312874465C86513585"
"public/hkele-data/browse/full/overall/0082.json.gz","12740","22EFC821F5D904BFCD8564913636DBF2EC524BC96F64CB8492DDD641AA51D437"
"public/hkele-data/browse/full/overall/0083.json.gz","13065","9577400543A474C84543C093D9F5FBEC6EEE8F692D5B7A048FAC96A71D2EAC21"
"public/hkele-data/browse/full/overall/0084.json.gz","13229","43B10670FECD79444FBDAF92ACE47714360B0593355B5C05EA84DF41A40CAE0E"
"public/hkele-data/browse/full/overall/0085.json.gz","13305","52FDEE2565850DE6191021C37F16CB4074BD8289A9745474786B71DC137B48AD"
"public/hkele-data/browse/full/overall/0086.json.gz","13578","99A0C377B0D7AD59B76F2D3FAB193DBAD79BC55F3ACEA63203965521D84CBDAD"
"public/hkele-data/browse/full/overall/0087.json.gz","12402","CAD4DBAC4812C5D8C436A8B11F2183A41257D16AD189C2D4ACC4875C5A85751E"
"public/hkele-data/browse/full/overall/0088.json.gz","13487","FC21F77073576584A38CC59F1811EC74865556929465C06FA2F397FBA444EE15"
"public/hkele-data/browse/full/overall/0089.json.gz","12920","D6AF131A589DC56CC7B3FA57BD1E88DE73534E4E2088C927104BA4D96E380E50"
"public/hkele-data/browse/full/overall/0090.json.gz","13403","6F4A528A81C768C69EFCFFAA11572EF9DC0826C411A97A37EE4269C1A7F7C374"
"public/hkele-data/browse/full/overall/0091.json.gz","12383","7C3480BF9B2325175AA1E40A989F55EBC762A1C12C2236739D4727455DFA017F"
"public/hkele-data/browse/full/overall/0092.json.gz","12980","C332FD0E9E431C4FAF144EDD4E278FEB3ED713A78755BE3685C4798A1D1D5AC4"
"public/hkele-data/browse/full/overall/0093.json.gz","12014","E8E31F3B15CB513006A663DF1A88AF3DBC7A2267113C5F93223C3D1E6EDCDA52"
"public/hkele-data/browse/full/overall/0094.json.gz","11739","4FFCDA53BE64942602806FAB2D7B188A87802738D9FF384D99E0E35A0D5A4FB4"
"public/hkele-data/browse/full/overall/0095.json.gz","12932","1AC18330CAF8DB79AC431C098B4FDECB5070DA64E449E18D09021FAE7D863129"
"public/hkele-data/browse/full/overall/0096.json.gz","12299","FA598D2C92420504D34BCB11C5EE3E28C6A357F99D2C2A24B1B6535605E885DD"
"public/hkele-data/browse/full/overall/0097.json.gz","12369","0CE9C024312F9B76DF0F450D10023CCDC4BD593C1E7148831E3377353A478E0A"
"public/hkele-data/browse/full/overall/0098.json.gz","12350","3F167E3E16A3A63F245AB116A6A732AE1A6676AF437CBDC1D362C62A35192F1A"
"public/hkele-data/browse/full/overall/0099.json.gz","12331","421D4FF61408B4F4CFC85658EE66C16A2693CD6255480FEB1F9B763E43D3A519"
"public/hkele-data/browse/full/overall/0100.json.gz","12131","412ABC6BE81BDFF6F2934B0354C6A45F484C4D2A5FCC9778005A06135E1C0523"
"public/hkele-data/browse/full/overall/0101.json.gz","11814","540055B18944EA582FEEFB80828D86F44FC40016B93289ED92B45A255D5A31FB"
"public/hkele-data/browse/full/overall/0102.json.gz","11449","482017B229F905D4458133F567E110ADBF2407B71FA4174B30DC8968B866FA00"
"public/hkele-data/browse/full/overall/0103.json.gz","12068","2A56891935E8E2F8061739B003C410B3FB755545EB3F79E0A6164F7D37272392"
"public/hkele-data/browse/full/overall/0104.json.gz","11497","AE6BD9F007C29452715602090FD846A287E8A37466116502D51EF3941D89C028"
"public/hkele-data/browse/full/overall/0105.json.gz","11837","A724247B1C5F392C2D0D57F2A480B4ECD977DAD154BB69A5524DAB9A9B002A4D"
"public/hkele-data/browse/full/overall/0106.json.gz","11893","52B44E46A231C8CAE983FEE224FE1B6E5CCBC579FCD07088407F3B448AAAB09F"
"public/hkele-data/browse/full/overall/0107.json.gz","11379","A753060BA90B33D71075E6D88E5B89140120A776C892C2536252C2B0546A5CCF"
"public/hkele-data/browse/full/overall/0108.json.gz","11411","0BD5179E2413C09D79DE6F34C8E818151A2DC4779EA510ABBA92874E674978C5"
"public/hkele-data/browse/full/overall/0109.json.gz","11496","4A347E3DF25D1ECEA0E775F46D23B6B2B0D9208F8166983587AFE5DEDDA6AC11"
"public/hkele-data/browse/full/overall/0110.json.gz","11248","2E3CC38901C7511DB5623F8A71B8F46F2D75F06A7E138FAD58448947640D0968"
"public/hkele-data/browse/full/overall/0111.json.gz","11060","531137039A635B5BB35500A90767E7FE9D3F496E81E628120D75D1510DA736C1"
"public/hkele-data/browse/full/overall/0112.json.gz","10364","8BD92E300647C7BAF9D7096796689ABAB6348186D285414CEB7267DC9F4A403A"
"public/hkele-data/browse/full/overall/0113.json.gz","11371","B1BF1547EAC072821711CBC8C1D085C347D4F3898E14C526BF71E9D1D7D2A039"
"public/hkele-data/browse/full/overall/0114.json.gz","11464","A913D48558EB6BD8359E995EE402457BC02F300B8DBC4BA7AB18036AE317B0F2"
"public/hkele-data/browse/full/overall/0115.json.gz","11615","FAA5E563342659159FF10D12BA9BA7CF112907BB2A5546F517875EE8810510CE"
"public/hkele-data/browse/full/overall/0116.json.gz","10981","CAA8B64A1161AB984FCAC41AC38F19B28EF7E7B9E00C0F547FE18E0994F6FF0F"
"public/hkele-data/browse/full/overall/0117.json.gz","10828","9020FD12A034E808BB64E931D3FB5979CB31E8DD54DC1FEB25A0E05611A9EBD0"
"public/hkele-data/browse/full/overall/0118.json.gz","11360","6FBF34E6797393411C5EB549528A25C68949D67BB154C9977ECAFCEBEF88C191"
"public/hkele-data/browse/full/overall/0119.json.gz","11560","D88188E090668D0444C23F46B00778CDCAB9FC5C55532477E9F074B451D3F218"
"public/hkele-data/browse/full/overall/0120.json.gz","10307","DF827A9A8D97AEF41E9E0D60894CB42D2C27CE24471C00F6B83BB879B8F200BB"
"public/hkele-data/browse/full/overall/0121.json.gz","10388","F00EF5EBBE3708285257191EDB0F8908288825709099D887AC231C07C3FAB942"
"public/hkele-data/browse/full/overall/0122.json.gz","11021","26715B32A89F8B20573639223375F95442A3D8F08D398084316F5CF5C98F92B6"
"public/hkele-data/browse/full/overall/0123.json.gz","10486","A073A7F7ECED71D368018935F5FBF7886CB30EE1F34A9DEDCFC6EFB654236BB7"
"public/hkele-data/browse/full/overall/0124.json.gz","10225","07EB141E1CF91FA6567A4A5BAD40EF5BC700717E56850D98E544E88E55EF1B17"
"public/hkele-data/browse/full/overall/0125.json.gz","9762","88B1BFE3DB984F9F6DE13EE6CABB1B9057B329560CF9BEAFA2EA97A6FF53ECA8"
"public/hkele-data/browse/full/overall/0126.json.gz","10034","3E5D7F5A2F0A231F47A646DB6084928B9440B64624681285D12D1688268766F0"
"public/hkele-data/browse/full/overall/0127.json.gz","11238","9226198AAEA191609717D7EFD9147203B0BB4FD978D3E3D0609E6451B53D891F"
"public/hkele-data/browse/full/overall/0128.json.gz","10262","6DB8BD065FD011B024050D64D882F2D79EC79A8952EC9E093CA71A3C9911618C"
"public/hkele-data/browse/full/overall/0129.json.gz","10732","70E893F9390B518DDD5CDCB93861109E474DA2857320B9309A1F1CFDA1108DB4"
"public/hkele-data/browse/full/overall/0130.json.gz","10436","E74C2C03960672A3EF3C6F670867CA4E054E8B552B13CB193EE8D85D166E801C"
"public/hkele-data/browse/full/overall/0131.json.gz","9755","AD4CDF4E89F1F51E988A51B1B5066F0EE3537D80D50D066472BC443DCE9C724E"
"public/hkele-data/browse/full/overall/0132.json.gz","10831","6379BE2F035424DD6AE66B53B54C8173BECCB4960F999490BD48F99B54DA0527"
"public/hkele-data/browse/full/overall/0133.json.gz","9839","7314386C65065FFC75C603538E1854200D7694BE8F4B71B30FEAA9CEF1091AF2"
"public/hkele-data/browse/full/overall/0134.json.gz","10675","AF085DE7AAD1951976CAAC060B3BC51224E4034601D8F2D015A076C2A1D98429"
"public/hkele-data/browse/full/overall/0135.json.gz","10196","8EC4C1F6F0408C171049F81B42CF463E577FAE5AF7571DC628FF1DFCBFADB28E"
"public/hkele-data/browse/full/overall/0136.json.gz","9931","375DC61EB2054C1D4C90EF4251599439911D10B66291DDF4292EE9593C80B726"
"public/hkele-data/browse/full/overall/0137.json.gz","10385","D9784921EEAD368B0FE5B2DB2F8C6294D0B5AFD954A58C6175D7DF8F8DA66E69"
"public/hkele-data/browse/full/overall/0138.json.gz","9905","B092CB6A164959D1C5AE3314FF24D36C6C71D4479C777A0CE20AF6186DDBE55E"
"public/hkele-data/browse/full/overall/0139.json.gz","10338","F2DA44DD8964210E06363C28038D67671C4B1A22D07C73FF8597C188F0A4BBCE"
"public/hkele-data/browse/full/overall/0140.json.gz","9582","09F3FDBA113775725461C940870F26B5967C146C94C1A97C829E496030C071F3"
"public/hkele-data/browse/full/overall/0141.json.gz","9969","9DCB7BF1ECF625C1A23FEA5AE9FE2C5EEFE0C94C0820B52F112FD13BFA8605F9"
"public/hkele-data/browse/full/overall/0142.json.gz","10361","B6F651C8AD1147387531DAC28FEDB982AE4AC91C27014EE47A8BEDBA3BEB0A4B"
"public/hkele-data/browse/full/overall/0143.json.gz","8302","E48A0D5DBA6DEEB81E931B9320CF18A2B82EC98D01535D4163D3894481B5C158"
"public/hkele-data/browse/full/overall/0144.json.gz","9801","63F870EACD7AEA665424BF283E8D9B622099E108A73C5F0EB1444E3D371A43EE"
"public/hkele-data/browse/full/overall/0145.json.gz","10435","AC486FA34B2B994FEF29F1F2D6B518425DC1D3DDE73D6BA25A2708A2459D1521"
"public/hkele-data/browse/full/overall/0146.json.gz","9060","559D43FEDF5FCE2AA248501AA482274D344A5DDB89662B666CDE08B77401A1A7"
"public/hkele-data/browse/full/overall/0147.json.gz","10563","611E0092F993B775B3B68B553C936D9F7846CED78A712329E9DF94CAEBFEC6E4"
"public/hkele-data/browse/full/overall/0148.json.gz","8681","7A5D8CBC6D5CC9D99060CBCAE232A703BD642A57FDBAE828A6128E03833749FB"
"public/hkele-data/browse/full/overall/0149.json.gz","10337","5C72C1F98E5E89F0DB79D80F6DFA8346E32660A74922163B477E793F20C9B74A"
"public/hkele-data/browse/full/overall/0150.json.gz","9313","80B8C9B483517B704111D2C783BB0F69F15BA9271EF5F8A99103DD43DC67980F"
"public/hkele-data/browse/full/overall/0151.json.gz","10161","6B8A9CB05D15202E8387EED4FCB23F8051DA5A79BE985ECFBFA4D1C0FD2ED156"
"public/hkele-data/browse/full/overall/0152.json.gz","9624","79D409D952326F4D2BCD96DB2850BAFA69405D1DD5BE39AAC1757B9C6950AEB1"
"public/hkele-data/browse/full/overall/0153.json.gz","9384","88A83A198C41B255AD4DBF208734CD51EADDF9E1D94BBFE9ED515CD2A0136EEB"
"public/hkele-data/browse/full/overall/0154.json.gz","10302","129CF280EE6EF8D242EB25E099E0B4B55B5C77E468E8F5A0A78605C93C8B60E0"
"public/hkele-data/browse/full/overall/0155.json.gz","8476","AB52B55A72E339C20C1480D24D08C2EF8C245014AA8C01422321F4701E1187F6"
"public/hkele-data/browse/full/overall/0156.json.gz","10015","F36024A729083A6F5C089E81865CDCBAF89CF3107161D888755916D80866CD66"
"public/hkele-data/browse/full/overall/0157.json.gz","9773","E42B97E731B00EF581F3197E554882685C4F2238CF5E4565468956CF06A1F70F"
"public/hkele-data/browse/full/overall/0158.json.gz","8315","7C70E3EE4244921005753AC40FD4C2934DB9FEF5C21A917895B6D81EA9BEC207"
"public/hkele-data/browse/full/overall/0159.json.gz","10830","8BF1439495DFC4C66873684C5F60DC84126E08702710C0F75A74873EA09F5C62"
"public/hkele-data/browse/full/overall/0160.json.gz","9508","447DB5B0DEFF80FE889F5851799B2D3F2C78ED681E4FD7AC6190F10B238C09D1"
"public/hkele-data/browse/full/overall/0161.json.gz","9304","BC98843E22F6BD7A5A9C18B05C51E80CAE5FE43A7FFD4EA77FE6DE8B889EDC78"
"public/hkele-data/browse/full/overall/0162.json.gz","9946","268374F2650EC6C82906C04AAC0153B088A3A806EDC8F4BCEC7717CD9797E7E7"
"public/hkele-data/browse/full/overall/0163.json.gz","7939","97C481D3CACA7C49AAED31D958625074556A276808D0FB55E07255A8B38CD023"
"public/hkele-data/browse/full/overall/0164.json.gz","9396","91513A796A58DD95150B31AD14020C70CA8959FBA9CCF12EBA845A2B40FE0322"
"public/hkele-data/browse/full/overall/0165.json.gz","9481","DBAA39C64D331592304F79A17E69DECAE2BA65BFC6564DC3E8E9A01A676EEB5C"
"public/hkele-data/browse/full/overall/0166.json.gz","8353","D5C79F268714709C407E23443E4C56E1DFA4D39C1893D18555D594EEFB35878C"
"public/hkele-data/browse/full/overall/0167.json.gz","10130","8B2BD645AA770FB2C1327EC08EF809E95097B16CE6DE77D3258FC39052A9B76D"
"public/hkele-data/browse/full/overall/0168.json.gz","8437","85C8FEFD7256DA1D7D0A3B548054E6E0A4E64FB24D5EB7A1CB48A4F96AB07763"
"public/hkele-data/browse/full/overall/0169.json.gz","8193","BEA3FC7229F19D392D05DACBD7E6AE7FBE8FFAA6717CCA1C65197F7197215D96"
"public/hkele-data/browse/full/overall/0170.json.gz","9542","3C9C05FBC137EF5E08605C79FDEF6E81EF1F9F4B05ECCC66F8BEA63F5F6FA52C"
"public/hkele-data/browse/full/overall/0171.json.gz","8225","9C5C17C594CFB8AA88E11A822012B8EDFB6A8F61A1283C2B0C69B86665AFE8B6"
"public/hkele-data/browse/full/overall/0172.json.gz","9619","8D3242148B3DB5802DF3C162BB2D1977BDB2BC86D4B584F544BEBC826A53EF78"
"public/hkele-data/browse/full/overall/0173.json.gz","9984","3211499C25EE975C832CF3C5F05DC3B99A0A38B72AFE4EE848CF695747E9BD7A"
"public/hkele-data/browse/full/overall/0174.json.gz","8412","421025C43B8BE7CDF3B79A728E3D1E78C3A4E1748C74EE6A47BA1F1F4EC85754"
"public/hkele-data/browse/full/overall/0175.json.gz","9236","B567D105DBB6C3317F253958ED60626F50F5BDEF5A5718B12820C908ED24CF42"
"public/hkele-data/browse/full/overall/0176.json.gz","10079","197EDD8A0A81E3818B689AD30EE97383C81DE43E193B3D22844FA72181018A89"
"public/hkele-data/browse/full/overall/0177.json.gz","8688","D35E10D9858BA82B91F61AA567475F054B77205BD649231E00FB1AEDD9BC19A2"
"public/hkele-data/browse/full/overall/0178.json.gz","7841","492EAEC2D6D3D73FDCAE19080A63017003C46789F3B1BDF0F0C746936F2F43A0"
"public/hkele-data/browse/full/overall/0179.json.gz","9345","C348F9E8F6387B53A1FDF11A168A498A6E0051B476FF66461E6D84DBF5AF6FF1"
"public/hkele-data/browse/full/overall/0180.json.gz","9075","7C2F871ADA75DEC1724ED6A60D7F78AD92C1CABC252F306EA8AA90197251B727"
"public/hkele-data/browse/full/overall/0181.json.gz","7590","B0E2AB924DC2F57CE059E1858574F1E985C4A4C9DEAD1943120C070E5F58F10C"
"public/hkele-data/browse/full/overall/0182.json.gz","10024","3059EA66AB670E0EB688FC2F750B655EA7F3603E2A66B1AA62F133A6134D2B56"
"public/hkele-data/browse/full/overall/0183.json.gz","9284","5A6C8D775673507DCEB538F9EDEF802E3F9E8F817F4B12F78BEBEE456D37D62E"
"public/hkele-data/browse/full/overall/0184.json.gz","7956","89A280F20FE1F672CD47480378EEB77E5E281D48541F26777225E4A44431A7C7"
"public/hkele-data/browse/full/overall/0185.json.gz","8064","1A212B1925396B084D2991E85A46A1358C36B8DA46C2196F8F42915140BFD4CA"
"public/hkele-data/browse/full/overall/0186.json.gz","9632","50A3D45C4B6A09D336E330B81C78F62606D14AEBADB9F507C6F5E21E36D805B7"
"public/hkele-data/browse/full/overall/0187.json.gz","9576","A129CD0F8A66C08C08DA85E5CE9C34181C37BCC055A14E0B1945FC027117085E"
"public/hkele-data/browse/full/overall/0188.json.gz","8635","A575F3120937521B7A110A95B7DC93E1785D94910EE51C51B20B5598D5F8AE27"
"public/hkele-data/browse/full/overall/0189.json.gz","8051","6F23EB0C2B782F5ED1E3BB1EB142A8EAEF3C4A7F75B1464810353B103C05AB21"
"public/hkele-data/browse/full/overall/0190.json.gz","8877","D26D075E77AEF7D6737C223CD7F0959BB5A5D33562DE16527135FC0C2DD34F4E"
"public/hkele-data/browse/full/overall/0191.json.gz","8256","C2B3D5066BECE87900BBA225E0EB0E3C3BF68B8ED9BB7F0927168A3C749287C3"
"public/hkele-data/browse/full/overall/0192.json.gz","9591","F798C65200F404EBD3DA9C92A246CB52FE54D8818496271322A3A8D5DA5B964A"
"public/hkele-data/browse/full/overall/0193.json.gz","7602","6124B14FDA4083873A4615B8AD194B8E347D8905D9E0240218CCB225B17A9831"
"public/hkele-data/browse/full/overall/0194.json.gz","8804","0EE8FDFA4894FB130C3BBB87B837915C4CD8A461DF5688FF4A3DAEC99100D8B9"
"public/hkele-data/browse/full/overall/0195.json.gz","8982","8316B817851D7EB67C176DAE0474568A4B9F97D6B3160965E51EA52A746D117D"
"public/hkele-data/browse/full/overall/0196.json.gz","9501","8C857FE6103E88540C2EE1E304D62EA681AB7A342D036DB9973FF0F6A0109220"
"public/hkele-data/browse/full/overall/0197.json.gz","7734","E38017867D392097B9ED8D89D0C41A578EBE1D2FC075E998761D30AB2FD693DE"
"public/hkele-data/browse/full/overall/0198.json.gz","7676","080CED40E10C6E39B861A29BA05A9D0AC628914E9E5CC49A1380B572F2851FD5"
"public/hkele-data/browse/full/overall/0199.json.gz","8023","ECE48071B4C196560BE4CF5057A2DB53E3EB6D6D44444F053522E6F7910AB6DB"
"public/hkele-data/browse/full/overall/0200.json.gz","9702","0C171AB0CEEF0A285F9ADAD74B215350470FE2EB0810DEAB7FEDEE48C4908FDE"
"public/hkele-data/browse/full/overall/0201.json.gz","8290","F3168E16BAC7B4CECBC08866ABB8786DF048B27F61C5C108C1209840DA02EF16"
"public/hkele-data/browse/full/overall/0202.json.gz","7551","AE4CF7005B8B1EB8BA84481F396B7752F68A9FA9270C87D3011BCDF6BBAD5645"
"public/hkele-data/browse/full/overall/0203.json.gz","8123","49C4D30E47624D7097F43FDB2E5D5B91D9D9A1AD99EBE638B2A31C76A0AFEF13"
"public/hkele-data/browse/full/overall/0204.json.gz","8946","01E58E49D3EEA9502EC8CF1DC307B203F05F1B95E11C1400126B5D29956784D3"
"public/hkele-data/browse/full/overall/0205.json.gz","8032","B3FA75AFBD16E84AA25946470396135D5BF0524621BDF672CBBCA59434919893"
"public/hkele-data/browse/full/overall/0206.json.gz","7708","45DE1F22E8C9F5019958062476994A3F7470F5C2659951EAD1213F76BEFFC91B"
"public/hkele-data/browse/full/overall/0207.json.gz","7880","FC682069E5B47B16DB35C659846BD99BE83329E364C64590BA5F313216F01E9C"
"public/hkele-data/browse/full/overall/0208.json.gz","10015","2C0F65D8CFF85FA2DE1C05516409A1E18232FFCD788A3409FDF4908D31BF1C1D"
"public/hkele-data/browse/full/overall/0209.json.gz","8520","09358E3F88FD5F8A7837140D76D1F65A16EFA21B1356D1F2744618F611529767"
"public/hkele-data/browse/full/overall/0210.json.gz","8112","3687DE6140DFD109685498A591154B2B84F98E71AB25414C22F0F46B74303E0F"
"public/hkele-data/browse/full/overall/0211.json.gz","8114","BB80617566B66EE9D27F8F6CECF5DB149B7BD1CE218831DCFA8538CF36792C1A"
"public/hkele-data/browse/full/overall/0212.json.gz","8089","B0549C2D4C233874CBB8F90D65DEBDAA1822FF9D25E7774FC7AF2CA01157E891"
"public/hkele-data/browse/full/overall/0213.json.gz","8192","F20C91D909B14C71CFC229D6107DB4EA90BB67248828BA71ABD9E6424CADD69E"
"public/hkele-data/browse/full/overall/0214.json.gz","8088","EE87FD62820B141B039D16FBA46623F4AF703984CA0622A5B262251516FF0619"
"public/hkele-data/browse/full/overall/0215.json.gz","8089","1638FC80DA6A5B9EDD79AF1EDB5B81D04D33E4BC1995FA8B3819BEEC1201F05E"
"public/hkele-data/browse/full/overall/0216.json.gz","8095","A50DF457427A1DB7AC4BA0C9435AD972B83FEA607E9D79F5B38E95E94E9F4E98"
"public/hkele-data/browse/full/overall/0217.json.gz","7768","4D3991F929D0C07A681B865C4732E1FBAE736F64344A9B4DE615AD0FC9A8F6C5"
"public/hkele-data/browse/full/overall/0218.json.gz","7842","DCF4FCC1B4A22D26F81CC7A1C46E7DA6FF5470D86505AB3C48A1916CB79FE541"
"public/hkele-data/browse/full/overall/0219.json.gz","8540","37E969F37DA36BB5BF942CE35F1628AD6195737EFC785C0DBA38C509BAC093E4"
"public/hkele-data/browse/full/overall/0220.json.gz","8814","BF33B019F5E2F6D243AE26195022174F5BB69182DED836B70A1F1595D12DE922"
"public/hkele-data/browse/full/overall/0221.json.gz","9271","0796FCED74EDF56870AAAA0CD42D6EA63C805B82429197EADFA3A3F05465CE9F"
"public/hkele-data/browse/full/overall/0222.json.gz","7920","3289058E1F60194165F4D394B7E12BD29A5B615C00A9C381C44D786B8E829FE2"
"public/hkele-data/browse/full/overall/0223.json.gz","8011","7F4B0CCFE6DE2E15664E89DAD621497DB90BAF7F9218BD2273FABA53BC940D06"
"public/hkele-data/browse/full/overall/0224.json.gz","7692","F6BB29A7168D4ED630B6F61DACA0AE17AA30108C866D7F136A405994B93A65F7"
"public/hkele-data/browse/full/overall/0225.json.gz","7678","54112E45656DD2D9810FD8791AB4EF5B6B6EB566D7BF4054E8524AC68DCE83FF"
"public/hkele-data/browse/full/overall/0226.json.gz","8094","89C8F2EE642F24B7C68BEA2F006732B36B47AEF4CB605E10AF436EB998D8C07A"
"public/hkele-data/browse/full/overall/0227.json.gz","9408","C84F69A6D62A08914D363CF738583FD01F551946778FB0027343874489B154EF"
"public/hkele-data/browse/full/overall/0228.json.gz","9812","17D9780F7FF77D8BEED3B589CD19FCB25BBBBBCF5A12266DB95EB30958E74382"
"public/hkele-data/browse/full/overall/0229.json.gz","7820","C5E6F466EF9FC23D87767DD4D594A75A101EF33883CECE7D6C6B8D8A126ADDFA"
"public/hkele-data/browse/full/overall/0230.json.gz","7767","60F3D08600592772FD26F138D89B0738B56229CAB7B2A8FE789FDF42F284D408"
"public/hkele-data/browse/full/overall/0231.json.gz","7951","A76728BEF6DB2D1BA873C2B35A72590682C136CF8B279F6560C2674D4E5959C1"
"public/hkele-data/browse/full/overall/0232.json.gz","7653","096D96DABE2C400C3A8CDBCA1E51872FBDCC600045F2B2CA2CAA63B2E0EC276E"
"public/hkele-data/browse/full/overall/0233.json.gz","8061","8BF78A0A73F66A24CBB44517CD7C2BEBBCAA6CBF37DA692DDFF59E58FFFD6C84"
"public/hkele-data/browse/full/overall/0234.json.gz","8076","331145C07A789546F76919CFD6D5C0A62AF50B6891E704C032456FDB50EFE414"
"public/hkele-data/browse/full/overall/0235.json.gz","7975","7E5B48442B42F941F9E612C26F940E1922659AAE5D3DC057DF5E9F7F02D921BA"
"public/hkele-data/browse/full/overall/0236.json.gz","7855","EF93FCDD103A5C637495CC4CF8AA6C8BDDC1E66C6DB342EF9BE78FAA492953C4"
"public/hkele-data/browse/full/overall/0237.json.gz","8090","A25B5FF8604CB27687515B9E7B76FE74C8DDA8120FD7A5A865439DDABFAD466F"
"public/hkele-data/browse/full/overall/0238.json.gz","7493","9D1FB55EAF4BE39A9CC3D83922A38127C17A7382DD6B6562EB2657E80580628A"
"public/hkele-data/browse/full/overall/0239.json.gz","8088","7051483E6DF55F2A1BE503D40526F23CDF76D2F46BD99EB60EF64E7C9D0C449A"
"public/hkele-data/browse/full/overall/0240.json.gz","7738","1FFA4B4ECF828001B6E99DBBC32E2D5A755C81B120BD364B1AAAB9AAEC8E1D57"
"public/hkele-data/browse/full/overall/0241.json.gz","8028","9AA04B2A27F1B3F8B19FBD74EC22BF9BCA925012986EF68C389629834807D66E"
"public/hkele-data/browse/full/overall/0242.json.gz","8088","58B6CBC86637F0C776ADB10375D1D1E0F792A57D3A8BFA9C3946490FD11A7E04"
"public/hkele-data/browse/full/overall/0243.json.gz","8056","5B500CCCE6E1978C99B3AB9410634A92EF3EE97872D0DB0FB87BF72DD3F71B9C"
"public/hkele-data/browse/full/overall/0244.json.gz","8231","A2827CF30C8E14973DCACA6257E9498DEB4AF22D4261A5C4FD00F66D9D947ED8"
"public/hkele-data/browse/full/overall/0245.json.gz","7534","90A9CB46146459489B77731805055178A6889BCB803F9D51D630BC6C43E36B55"
"public/hkele-data/browse/full/overall/0246.json.gz","7695","E84A8A1CE2E86C4204BC23A0CD5EA64C9CD0CC8D252EDB58CCE30E6A21302D2E"
"public/hkele-data/browse/full/overall/0247.json.gz","7886","D352ADAB1784AFF3FB5D973C0E8C12D4ABA7D081CD0D8F7C8EDD81DB70612D80"
"public/hkele-data/browse/full/overall/0248.json.gz","8547","CE70EE1D79F0063B6F1F9BB92A993835BABAB9B1E5823B61791FF0FD330106BA"
"public/hkele-data/browse/full/overall/0249.json.gz","9967","AE3C520F4F6B218EF6A388081682430D260BE8CBA9DCAB2585CC86BA59BAA80B"
"public/hkele-data/browse/full/overall/0250.json.gz","8214","BC24C19A807593975804F06D51BE92282EE819B49753522818C5344047D35C75"
"public/hkele-data/browse/full/overall/0251.json.gz","8108","5C7EF89F833E53786D2DE29DF65E21CA12F030307D78C6C33E7930F5AB2BBD0B"
"public/hkele-data/browse/full/overall/0252.json.gz","8119","99DB969F258D7B82BE1ADECD08D203AB23D913CC4DBD82259CF885D5429DCE82"
"public/hkele-data/browse/full/overall/0253.json.gz","7845","77B733A4C35CDE1BB407A854E9285D3321D9D85EB745D95972566E8967F33FEF"
"public/hkele-data/browse/full/overall/0254.json.gz","8054","750A926E249C2356DF01977DA5541A1D7ECBB1B239C6BC78BD0699FEFFEEC050"
"public/hkele-data/browse/full/overall/0255.json.gz","8055","DB445B164FCAE1D4330EDFAE239D2213A11D752AA45662DFCF6C14FB2002C8AB"
"public/hkele-data/browse/full/overall/0256.json.gz","7267","F55F45B56A4E1948322DB55E764806948ED5814473607A39F17321DB2551307D"
"public/hkele-data/browse/full/overall/0257.json.gz","7877","0E1123D235056EEDF8C076C09262F48E762BB6A19A7621A2447A8D22167C3666"
"public/hkele-data/browse/full/overall/0258.json.gz","7793","044D631BB537733BDA4EBCFB7387779D14D8B0E4E011BCA8BBC424D378819F79"
"public/hkele-data/browse/full/overall/0259.json.gz","7971","E5ECFC46F5A4A22BAF3FD47600E7F9993CE45E3AC0B1BF9C4149D5F312D8D1E4"
"public/hkele-data/browse/full/overall/0260.json.gz","7957","7A1C780A167EBF80A20F8DD44486A2ED8C787DFF84F00B8D81735804AF13366E"
"public/hkele-data/browse/full/overall/0261.json.gz","8279","7AB36CCB9122BBCA5F4AD03A551A628D1DD52261A7918624F1C599A202743223"
"public/hkele-data/browse/full/overall/0262.json.gz","8284","66110A99B987F0F8118791F5060E0F35264A4F2576668E8520DEA541AB55BBFA"
"public/hkele-data/browse/full/overall/0263.json.gz","8098","A1CDE4883A33D0BABC92969598A3B6BF9BCFA4056E0C602D8ECB56B5188298CD"
"public/hkele-data/browse/full/overall/0264.json.gz","7853","046BBEDB511A360C8283B544F47C2C3C6B0BDF17A86A7878008693528D350290"
"public/hkele-data/browse/full/overall/0265.json.gz","8270","BDC073AAC940BB45BFC10548FCC2945B7BC73F94BEB350551EA894398BA1D4DC"
"public/hkele-data/browse/full/overall/0266.json.gz","7659","A601915E2BD1BFC85C39C4D2237A8276916D79DC5332CC8C12534B3EAB02FAB6"
"public/hkele-data/browse/full/overall/0267.json.gz","8026","00B1B6B4219F93005907B628B3C843829BE22C55487185C20D9C6A34E00CB59D"
"public/hkele-data/browse/full/overall/0268.json.gz","7288","7F4D786EAB3FD1F2AE02D029B955132FFB0270F4EDE8A856DC8692CFCC2879F0"
"public/hkele-data/browse/full/overall/0269.json.gz","7707","7515A56C7D78CB8C754E9203C0FC6A7A6C88E05FF5CD917A3D4AA0E06FF8F954"
"public/hkele-data/browse/full/overall/0270.json.gz","8161","FE4F5EF71E37E030C78E62FD2AF6563E8D7E3D8E2F4B07697308427256EF3062"
"public/hkele-data/browse/full/overall/0271.json.gz","7620","ECDE3A70D8ABECE25F3225A9574C51A9D098F82F60510F16122E06CB65E806B1"
"public/hkele-data/browse/full/overall/0272.json.gz","7948","542B3335F7B93EB0C83FB88361E3385D7BC00F3B0626214BEC01FAA53368C9E6"
"public/hkele-data/browse/full/overall/0273.json.gz","7647","7A2EF0A6478039BA1C175A895D15987070C34162B8D1FD73E80FD09A72D3FAB3"
"public/hkele-data/browse/full/overall/0274.json.gz","8304","59DF68EECA3404D6B4C1F39F012A68B27C7CB5A6CD7732605F52168C6BAF0226"
"public/hkele-data/browse/full/overall/0275.json.gz","7732","1B49781F07DA30929971D8820913ED628FD0DB8519886AD02016CEB735BBD8D7"
"public/hkele-data/browse/full/overall/0276.json.gz","7389","1D773C29B4828F897B57A12C4AB78C93FA7C03CFB90F389DC4461019781DD032"
"public/hkele-data/browse/full/overall/0277.json.gz","7956","DDDDF6F07DFABBF6EF2F3C98A738320046897A65E4A9BB7F488F1F739B8BE51F"
"public/hkele-data/browse/full/overall/0278.json.gz","8034","F2C98F4E1EF3B1FCA9F33FEF683E78B31C34D12C8334F1E558EA7D5460E24ABB"
"public/hkele-data/browse/full/overall/0279.json.gz","8287","8063B662CFF13EFC76837AE4E8055FA222B2948A5836055145295AF8F7EEE9E3"
"public/hkele-data/browse/full/overall/0280.json.gz","7492","5FD312963DEC0CADEBFC980F80EF20F42499006239792A23DAAC04C40D45F53A"
"public/hkele-data/browse/full/overall/0281.json.gz","8366","D4CEB6672138AE1F949EA3DAC5EC0A08B4312A18938C4387DFCF0939A736A525"
"public/hkele-data/browse/full/overall/0282.json.gz","7144","3A8B4179415B2BFA8636696D13CCD40F4AB1AF5386F1BA72D3814FF48EC7AA55"
"public/hkele-data/browse/full/overall/0283.json.gz","7479","E7A249D2C3CC28ACEA60F5218442F50632667ACAFDEF599406BEC18D924B4F80"
"public/hkele-data/browse/full/overall/0284.json.gz","7581","E34AEE584199672303E97452B86D72C8EA460511D4EDA5D500611FE53409BFD4"
"public/hkele-data/browse/full/overall/0285.json.gz","8025","E01554CCB011CA8FA12E8CAE01323B9094A7918B4384EC57189EB50CB541EFB7"
"public/hkele-data/browse/full/overall/0286.json.gz","8249","19C6487BC82BFF2E5854C306957FBFA5F0FA9482907F0650E29AB1148CC42078"
"public/hkele-data/browse/full/overall/0287.json.gz","7903","0D6D5E978D9B1FDDC31CFD35059A49D3533358D41E94F0353BAF5BAA19EA7872"
"public/hkele-data/browse/full/overall/0288.json.gz","7455","D91465C196CFA671039C6AEDB4C17D4024F5BB1A6A6A0116859DDFC0D01B3602"
"public/hkele-data/browse/full/overall/0289.json.gz","7972","C0540E7BA31A17BC8A7ECCE5074FD94BEDE6053239A645D483A5F43498A0FBD4"
"public/hkele-data/browse/full/overall/0290.json.gz","7802","5D9DD3E3C2609B504B9C4F080C98D5220957A5A1BFB7CD79C01EFDC1C3AA7977"
"public/hkele-data/browse/full/overall/0291.json.gz","7307","F06601866B177002484DF6318865692076F705A552A7D02984FFE5EF7E33C2FD"
"public/hkele-data/browse/full/overall/0292.json.gz","8123","3D9F75A8EF1F794F4B69C434B828D4C365BF8C8E0EF459C0AC80E5FFB514964B"
"public/hkele-data/browse/full/overall/0293.json.gz","8211","215FEFF4419E9943362CB0085535D878ED3E437CD9A17093401D643A1E3D0136"
"public/hkele-data/browse/full/overall/0294.json.gz","7710","34C05B5701DBDCE4A4E7D2062AA52F8A3B7E6E68FD747ABBBFE37CCE919CD968"
"public/hkele-data/browse/full/overall/0295.json.gz","7288","071ADED6453287706B050CF07BFB270C7385F8BF81CA1274669CBB9C64A4885B"
"public/hkele-data/browse/full/overall/0296.json.gz","7316","56FB7F2A7EA4B1A955D32952293352C2D07B2102F627CDF84CE5D431E9781A94"
"public/hkele-data/browse/full/overall/0297.json.gz","7566","8406DE420DBF1820D9657A7D42F6971BF3D9FA2128A0651F3E676369975F5E69"
"public/hkele-data/browse/full/overall/0298.json.gz","8400","03F9AFF2BF10E7F201ED91D27F6151809E9D76BB16E6D323ED2C82BC1759E0A8"
"public/hkele-data/browse/full/overall/0299.json.gz","7998","85AF744C81F4966A08BE435E7A4E0EFA4BCC3BE7BF7453475A9699E0F45B90AE"
"public/hkele-data/browse/full/overall/0300.json.gz","8363","F0D45BD088942D1E2EB3FB4EEADB461AE357FF1D1E48DDE193F139E582EB583E"
"public/hkele-data/browse/full/overall/0301.json.gz","8285","AFDEED8099D80F974C872D69A65840521DD426BF0771CC0484882CEA5D9819C4"
"public/hkele-data/browse/full/overall/0302.json.gz","8318","60FBA0538AD60A6381CB51F593FA084FD45F9106221EBB3DD9CF8AC72ECF8FAE"
"public/hkele-data/browse/full/overall/0303.json.gz","7466","217FC859129A5EC4584B5DEFFF57014A6EA119CE4DC2EABB2F8387F89F4080F7"
"public/hkele-data/browse/full/overall/0304.json.gz","7505","EAF4FEAB3AEEE4FA828C7FB61A30AF95E3B53684D8E98938E4530318A3C077F3"
"public/hkele-data/browse/full/overall/0305.json.gz","7631","D95F1E829F34C61A2214C93209430F930ADCC69F9DD25AAD95FE8CAF12123DF1"
"public/hkele-data/browse/full/overall/0306.json.gz","8112","E65B4D05C6FB3B5D04DCA60DF6EA0C4440FD362325C4D722AD4CBF357CF48A3D"
"public/hkele-data/browse/full/overall/0307.json.gz","8243","B7DAD6F6662D1D8A1178E53268E77C8D93EF495FFE48B3379E764FE50AEC91C4"
"public/hkele-data/browse/full/overall/0308.json.gz","7046","6B91BE33A92C22D1572F3DA730EEC1EEE6682448DF9D5AF331720098004CD415"
"public/hkele-data/browse/full/overall/0309.json.gz","7207","E79A8A78932420A80F838FB02A430711FF25B7956E816A46946F25714519D151"
"public/hkele-data/browse/full/overall/0310.json.gz","7373","415252D70E97AFF68168AAB831E3E450AFE04E94C367D5C78519C0949E462BFB"
"public/hkele-data/browse/full/overall/0311.json.gz","7313","37B840901B8AE62BDADC6B4DA87457CB20F1528046816A0A68FA6BE68227159F"
"public/hkele-data/browse/full/overall/0312.json.gz","7917","1CFC3E0DBA46DD78D03596B57F7EA20C3EA6239359282EBBEEBFA0595F57DB84"
"public/hkele-data/browse/full/overall/0313.json.gz","7763","B83385C8AF7E4BCDE9DD1CA39652FE5ECC73F769C9DE6B9BA2C07C59FD4A4FBC"
"public/hkele-data/browse/full/overall/0314.json.gz","7876","87794BA89501B7C559D35C03663C8118DE4FBC811152AA88E9127CA81B157E43"
"public/hkele-data/browse/full/overall/0315.json.gz","8220","4E9ED80F397D74E6159758C30190315005FA0938CC4A876D93A7E8F383C9A33D"
"public/hkele-data/browse/full/overall/0316.json.gz","7842","E398C33A4B901C56BAF9A1606E5D5B4B69E8117E8B9C40F1BACBF414BF15300B"
"public/hkele-data/browse/full/overall/0317.json.gz","8096","FA138D45F1A456FAD47E9FE3BD5091222106BC8B8256E05B0ED8C55E7F0D73BE"
"public/hkele-data/browse/full/overall/0318.json.gz","7902","47B27AB7889E9C29660989E7EA02EBCD619E0067C9EFD866409823448876CB90"
"public/hkele-data/browse/full/overall/0319.json.gz","7380","E59DD319AA3661B1BCB99EFB06A5166F38B1C942EFA3888C89B70FE176AAF89C"
"public/hkele-data/browse/full/overall/0320.json.gz","7175","545C94742FF07ECAD2FEE04316481E679A9A402320DA836D0BE47A0B2C1E7129"
"public/hkele-data/browse/full/overall/0321.json.gz","7549","1EBDF6EB382C6982E91B2C52DFE3129A81501EE362BC6AAD63F9BCBF6D59C78F"
"public/hkele-data/browse/full/overall/0322.json.gz","7713","5222D2691A62AFF6E982CD6E5B0C64F07789693B279BD3492E4ED79AB48D39CD"
"public/hkele-data/browse/full/overall/0323.json.gz","7935","29FAF5D546FECF2964884414D4F7526237B632430D54CAD099F37B783AE61D75"
"public/hkele-data/browse/full/overall/0324.json.gz","7758","12DB61EA6B975AFF1A3A104C4A3529E949A25F7CB37096B1C63B5DDCA8C454E3"
"public/hkele-data/browse/full/overall/0325.json.gz","7471","11F57A8468F2FA3273733D38BCFB9CE622E16E03A03410E5354E898C5DBB93DB"
"public/hkele-data/browse/full/overall/0326.json.gz","7083","C2C11F3B3B4D320BF39F2C39C4E0E39A54F798451F33D287F24629A94AB6B5A7"
"public/hkele-data/browse/full/overall/0327.json.gz","4351","30049DFF1083FC13CB3BC93240EBD319307A2EB225113BEA3A6FE1C9F28AE20D"
"public/hkele-data/detail/000.json.gz","173953","B84C84980260AD15EAD5291244EB766DB1CED702E3A7043942AD4E4C8A38A553"
"public/hkele-data/detail/001.json.gz","158941","DF9EC6D473F7833A37DDDAA42E82BBCD64DBF0CB223C13B2F7B6F7EE2EEAEFF9"
"public/hkele-data/detail/002.json.gz","155289","79EEAA575E05CDD09FE2676F38897B8BC4A842AC2BD511AB48CFCD671EEB987F"
"public/hkele-data/detail/003.json.gz","169995","8E4F348B0113B00D2EFD0E32B2DA329548E304199C79330F28F4CF921CBE4239"
"public/hkele-data/detail/004.json.gz","192519","E37EBFC8B14B798E1D17337262C8C5719A6189C31A79828C0937E3E4C0E3AEAC"
"public/hkele-data/detail/005.json.gz","179451","17B38EEE05D940CAF9752A9AA297F575FC0645AE965D73999F1E0D9161316EAC"
"public/hkele-data/detail/006.json.gz","173740","53D2DEAF49B035777A99BA007B3AFB7106F6255DC5B5C0E39DB0659A806C5337"
"public/hkele-data/detail/007.json.gz","160152","8862CE858CE6AF958483E36A5A8603DD4D0E661D78D3629550A99ECC9785D26B"
"public/hkele-data/detail/008.json.gz","173209","0279FF4B3CC407E0DD1C533A1E83348486ACFBC9F97AC8EAA1B7C26624C436A0"
"public/hkele-data/detail/009.json.gz","184309","BB85ED40B85978650833B8548EC625DDC472B94156079E81AAF001284FCC0A9D"
"public/hkele-data/detail/010.json.gz","184844","165911ABEDBDAEF3346E4B7E79FCA8818564DDEE1E380CBAF87FDEDF3E174145"
"public/hkele-data/detail/011.json.gz","169024","0B648C1E96E2985441248EF07D695DE2A75DB0C6C07AE6B13E5BE31CA9C069B6"
"public/hkele-data/detail/012.json.gz","193401","34DBDABFE28C10CEDFA59C91F02E83CB14F0CF6149E507741C4083E8A5E41A76"
"public/hkele-data/detail/013.json.gz","181831","9B4234B4D0F20B563BFC4CCA02A6DEE42DDA39CA3B0A0B6FB964F54DFBDF6154"
"public/hkele-data/detail/014.json.gz","172781","7575E31C52D49DA426DFFF23F41A11DA842723AAF543A40FBCF569359B136482"
"public/hkele-data/detail/015.json.gz","172354","0A8DA48805FC39FB40A004DA5A2CF463CEBB1DFA6E4929D5E87F76325E1BACD8"
"public/hkele-data/detail/016.json.gz","182515","B94AE9B35BB7CCD14FA99159335ABE644BF6B3E1F8E87A38A9235D977F2A4D6A"
"public/hkele-data/detail/017.json.gz","177292","993C95801AABC81AA6F3F126D3DFE8C4B44C539836661B02CA75380917ACEA08"
"public/hkele-data/detail/018.json.gz","191032","A02222F363616DE7B2FF323B1FDF0D03E8DE084E134CDB85DDBB79A69C1C0D68"
"public/hkele-data/detail/019.json.gz","184055","C2999CBD8BE8C575125D93C5D80CCA2E14EDB0C23DF06BAD273FC80C47E93E5A"
"public/hkele-data/detail/020.json.gz","173445","7EF1450B1C8812E908279F237139AB32F6ACAAFC94EB0E28D52485A630E3987F"
"public/hkele-data/detail/021.json.gz","181425","23DC8D0B6EAD23B192BE3F496DFE631F4CF55262C355D9EBFAD6DDD05A55C7CF"
"public/hkele-data/detail/022.json.gz","163010","A6B9C62277D13C773CC284E8544715E94777BCB2B81D0A4BD59F4E38DEDDAEFF"
"public/hkele-data/detail/023.json.gz","171116","DE7B59B375F0191268EB3D76C66B4C219F3E35FC46C31F188A98D3D899B41598"
"public/hkele-data/detail/024.json.gz","186247","B9053C7571730C0373E74FD2873216F556D7A3178ABF30ADE395161DFBFE05C6"
"public/hkele-data/detail/025.json.gz","173793","72215EB0A54CF6FA6A0E10568834D2B944BFB453DB57C86A6EB3805F30BF3F97"
"public/hkele-data/detail/026.json.gz","178983","BA1B2CB600FC0ACDE716B7160719DDFF63E734FE2E6ACB9BA342B9E653610AE8"
"public/hkele-data/detail/027.json.gz","154269","5193200E1969B10AF459E60A9B82B24AC4CF00B995202EE4D882A4BAAB505B10"
"public/hkele-data/detail/028.json.gz","193952","3D0019318A22A48AB39E470FAE7B5AE303D502563FAC24171DF84C6914F55F55"
"public/hkele-data/detail/029.json.gz","173575","BDACC43DD401B83C8632E6703E0425ADE17A4B5777DBA72129187AAF23C86A34"
"public/hkele-data/detail/030.json.gz","170260","6B528EC3746E1AB10AF69750C18BC7A3D43DB9ABA9A70E77E5807A69761B703B"
"public/hkele-data/detail/031.json.gz","174170","074B65667C8F0DA9268962888AB3A118687844B46BABE0D05CA8F3C9C1F1747A"
"public/hkele-data/detail/032.json.gz","180497","3D740C67D7FBD49992E1C5FACC6374092C7343917782552FD0B03ABAC7C4127A"
"public/hkele-data/detail/033.json.gz","181607","494FE4987D70376E4ABA0DFA698A46A883ACC84B3FF569B14987283A685C26E1"
"public/hkele-data/detail/034.json.gz","168072","CAED8CA5199AF0215AFBFA339052507A18DAB37F68E2C10E0B95268E4FC01D48"
"public/hkele-data/detail/035.json.gz","159365","040E2F98336FE69A659668BDB4448B42C87D0E886314A66F3D354E41A8039785"
"public/hkele-data/detail/036.json.gz","172552","9FE151B69F64BCEC5C791670D48BE5B74423094794D773658BCC652DEDB5942F"
"public/hkele-data/detail/037.json.gz","161827","4EF0EBCDBF749159BA3041FB9E2E0F8A236E148C34F6A6A68AC2BDAEE53BD99D"
"public/hkele-data/detail/038.json.gz","178242","D5B58CB23F8B609EA6AB1E4D39BACC2311CF34DEDA84555CB7B4F5ECFBC28439"
"public/hkele-data/detail/039.json.gz","176546","36690E1C597A9ABFB25481F60A025A7E0D98B7D1C0161FEECA7BDADBA55D176C"
"public/hkele-data/detail/040.json.gz","169864","DCF987B7E8CA83776F60A7662859EE8ADE646AD03D1DF28375E573463CD1838C"
"public/hkele-data/detail/041.json.gz","174272","EF6343526F0DE0557E3225B39DED30FFCC334B801C53C9B6A881FAD29CC5AEEC"
"public/hkele-data/detail/042.json.gz","178150","9B4FFE004380AA875E7A33C87C953E2BE3E10BC2AEF86044A7F5685D6F1277E9"
"public/hkele-data/detail/043.json.gz","161236","4CEAA7AA5F79BE41F583137CB45635952BBB66D51FC39D4920AA296D9B33347C"
"public/hkele-data/detail/044.json.gz","167180","213F6C81A71C3B27BA22E024091657E26EB80668EBFF52AC7ECC51CC24921805"
"public/hkele-data/detail/045.json.gz","159253","7B27A539221A7A7C8F4F4E28D36FA7DE6619EE10FAB6067663CE6A59B623DD57"
"public/hkele-data/detail/046.json.gz","165289","901BD76C89DC430E2F41DE8FB22E1ED8DD5946DD413E53E4A87458C8980A931A"
"public/hkele-data/detail/047.json.gz","184514","22611CA9FA489D83F466599C31EE30B77F7F3C262B462C017F212C27771D682F"
"public/hkele-data/detail/048.json.gz","164896","8056F8F3D827B0D1CBB29D8480429126C57A0B07B2A1D7763885B1E072AD7126"
"public/hkele-data/detail/049.json.gz","168439","19ACD0270C97E3ED2FC67D309F2FB951D27F9327E90A38B85BB782BD0D43F1B1"
"public/hkele-data/detail/050.json.gz","172345","E6B905B413A36907046B9538415710B0027CCD0B3689EA0001C95BB5E5119B68"
"public/hkele-data/detail/051.json.gz","175840","89C6A669F696AC118939AFB88E3728485D5E33D6DFA894E27275A4F2105E96ED"
"public/hkele-data/detail/052.json.gz","171927","50171A6DD11F8B10E27A7CF3ADC80F02EAB68E321ACCD70DF155C84CAE01FC2C"
"public/hkele-data/detail/053.json.gz","168342","8B6BAD9AA8D62E07EB22B3498AC6E859F3FE4970E88E5233AE0B6040D1F3F68B"
"public/hkele-data/detail/054.json.gz","176436","8A348C3FDD7F5C65114E8C0E8374F81715D12F8104732D7685FE0C3A5D8E4FDF"
"public/hkele-data/detail/055.json.gz","164052","77720926E7AB346CEF2C8F56F2F59FE0C2C0EF206033008B10B4CA627A0F8A00"
"public/hkele-data/detail/056.json.gz","168074","6B2D0B874E7E8892798CEE51E06342C3FA58F9F89538E0487662F26F0EAAF916"
"public/hkele-data/detail/057.json.gz","168859","84157C5732CDEE3F45E1B8DBEC39E2358701C566BCFA2F5907AA36CB144C835B"
"public/hkele-data/detail/058.json.gz","162034","4AFB0AD05FF7667D821EB7967A9C6E3626A8B22C173FFECD0AAEA7C49F8F0DA1"
"public/hkele-data/detail/059.json.gz","168167","1456E3D4DA67DCEC4639FF9ED6AE755708E80009B1264D979DE475196B5AE6E8"
"public/hkele-data/detail/060.json.gz","185845","A5B746BEEC09B18B01C2CFC0B0921AA66C93986C972D9B2C5404BA9F1AD5F86D"
"public/hkele-data/detail/061.json.gz","167177","77E04D7F709DDA2C729779CAC46CF90C58936C44112B8572F1C96E7C91782681"
"public/hkele-data/detail/062.json.gz","190396","5E78E9F376A304C0BF3CD8E8647E2DDE647082C3E8E9A2B7C8D4742CD921E2CD"
"public/hkele-data/detail/063.json.gz","177876","41E9425F72A6A8914F69C708E76B885A18D95341CA56249BDFA84570322959A9"
"public/hkele-data/detail/064.json.gz","180441","70CA1CEEA4B4A12D7224BECD4BEB5EB023FEBC034BEB258C53A75944BE9A62CF"
"public/hkele-data/detail/065.json.gz","166535","CE9362F86417A40ED75DCB41CF1F1BFDE4FD0BBD82DAD5BDFE7A794B0E0A03B4"
"public/hkele-data/detail/066.json.gz","163827","FCC452E21729EE58D8BC14C4B0C15356DC40435E01E7997ADC973D012667A242"
"public/hkele-data/detail/067.json.gz","186727","2A617486FE239E1BB3D4F6134545695CD794A0019B9E5E820480D71B5441C5B2"
"public/hkele-data/detail/068.json.gz","161245","4CFB1234AC3E8D5EB2E87BCAFA52DAE1DB1F0429FFB36DEFC174CAACE1992065"
"public/hkele-data/detail/069.json.gz","186980","6F9506EE88FE64C76A01F7E862DB10A5F172903F68FA63820F51E0D52DB127AF"
"public/hkele-data/detail/070.json.gz","172436","F56D2955F99B26ED23D8D4F7766FBC42C2BED95B1842DE2098E6FA9C802B7EC1"
"public/hkele-data/detail/071.json.gz","186457","094A7475DFFE30CDA3E7F2EACB2BB79134BB4FECF3A620A47FFBF9006819EF5C"
"public/hkele-data/detail/072.json.gz","173682","C9110BF116769FF142036CA8E103CF73299996624C7CF812961FC32805AD11B9"
"public/hkele-data/detail/073.json.gz","186052","9F6B8181D80DFF2DB856388724D8BA0D3A88A2F52166B94F7778C8760CEAB80C"
"public/hkele-data/detail/074.json.gz","177579","51AF956572B44B8057F97CD006465B0311AEEE866DE4E1E7F237E9E510E238B3"
"public/hkele-data/detail/075.json.gz","175815","55AD9F5182E8710A29016369129CB54C79CD076F029DB53F60E31E23B1227B87"
"public/hkele-data/detail/076.json.gz","166933","2DB6256575B1A320CA0B43D667034881B438BBCAE25508FE49CFBF7BDB27468B"
"public/hkele-data/detail/077.json.gz","168434","1042EDEA8221AB6FE14F629DEE0BD9FA06C33456460186A7598B2F2C3FC3687B"
"public/hkele-data/detail/078.json.gz","175190","3D502A57743EC65A4D2925A372067EBB380F9FC6E05C686CE3A89FA5B54E4D4B"
"public/hkele-data/detail/079.json.gz","184426","69E2D54DFAF026BAFA4A7B88CE7C4BC3797E613658CACF1FB8401EC5C79C869B"
"public/hkele-data/detail/080.json.gz","157889","6BA2E4494DA6A07132942F74C997DE6FC153BA72792E3F14401A806B3DE0DE37"
"public/hkele-data/detail/081.json.gz","196305","176E0B56EBF9F02DCEA38996EC94DBD991941C2D59F6D42927081DE4F1314B33"
"public/hkele-data/detail/082.json.gz","167524","D9B03A2AFADD67AA6B570D71B788E4F756C77EC74BE5A154CF83C1C3B9516B31"
"public/hkele-data/detail/083.json.gz","182622","CD82AFB81F2439900EE9EC2404F51C4C95EB2726B5CCAEDD9B0BEE62832E7852"
"public/hkele-data/detail/084.json.gz","177955","B9FE19B1190D976056A5281A93E9799CAF084F3C0C071C219C78A19FE1653DD6"
"public/hkele-data/detail/085.json.gz","166567","9E1FFA243746AF128652C3BE4B7C61EA3F3F569C734D9433EEE108EC5769FBB4"
"public/hkele-data/detail/086.json.gz","161218","B3B995E1EA2785ACF8DE6EE2A732A50FD75F1C0ADD9E55CF2259FDE5C1D28F9C"
"public/hkele-data/detail/087.json.gz","161067","404965C53C7D0A38B680954A469F49AFDC1452BC974A55B50D1FE35618212C57"
"public/hkele-data/detail/088.json.gz","178881","A9FBA85518828DCD1420E7E1F1D5CD72D070144C00F7CE49B51341F2A346AA5A"
"public/hkele-data/detail/089.json.gz","164353","F22810F453CF0D099AC1B739B2EF308F435FEEF653FA24758AF0C07487B0A1D9"
"public/hkele-data/detail/090.json.gz","166851","C4916823D99D4C890DC9DE12BB439EFCCA083B12A80AB6BE7A6A94940BF97C43"
"public/hkele-data/detail/091.json.gz","175918","34480BD8098098A166581E33146F089C779D528444F9C3E965C4C67B2C5ADD38"
"public/hkele-data/detail/092.json.gz","196207","DA2B8E1021DA5AC0FC99C93DFC609FE437101A5DCFC2BFD8C3CD99C358DA68BA"
"public/hkele-data/detail/093.json.gz","183598","0818889A6F34BAC2B9F5124CF0968886FF690AE2DF677BBD3BE35391285E44C2"
"public/hkele-data/detail/094.json.gz","185072","B15B5483BFDF88DFB0FCBE8356E6878EED17F88C9CF9CCBD215DCFCB8A6F7BD3"
"public/hkele-data/detail/095.json.gz","180857","4CDC4B1C79E2034A10F4A78F482AB1D597CAEEFD0915674013DDB6E35F05DA37"
"public/hkele-data/detail/096.json.gz","178369","C25664D47655E90F53BFCF4542E93A8EE601EE4367BE7C6504CBCAFC9063BCC8"
"public/hkele-data/detail/097.json.gz","172374","CE8FCE9E703CE1537289372EA65F9DE1D6A4580BAAD05B1ED05242C9578797A0"
"public/hkele-data/detail/098.json.gz","174915","5F99A74819B70932DC341D29E72433C1F56D62A6B6EAAB8280141C620ACFA518"
"public/hkele-data/detail/099.json.gz","194100","53518C1141A6B864F2302734E801C3F722609C3FEDED5511795A5F41E7378EF1"
"public/hkele-data/detail/100.json.gz","162504","C66C5ABFE1BE769C6DED518991CDB5A7E1BDED58D246EF7E8ED8EDE9A760EE2E"
"public/hkele-data/detail/101.json.gz","179594","C375C4993224326EE3A7D49BDAE0B7B76A23C363C1635B4F3688F4A406D264C0"
"public/hkele-data/detail/102.json.gz","184728","2DBA8A359897C390A6390AA12641AF22CC680B7BE4CF77001C42975CCBB7C5B1"
"public/hkele-data/detail/103.json.gz","170241","805E7E294D01BB299819B6F6DAD804B704A469A241AE2F3DE9E2E494AC9E6C5C"
"public/hkele-data/detail/104.json.gz","166136","3019E4956EEFE77524F8452C6BA1A0655AFAEE8EC175AF12BD0178C34B27BDD5"
"public/hkele-data/detail/105.json.gz","177133","99DBA1CC3346F51C4AAA4F1FE56E62CEDF46C65F871070CBDE88D3FD10CB1EFE"
"public/hkele-data/detail/106.json.gz","179993","776554E141472483B50B15574AC0E827550C088913EF91BE09D4EC0E489B18E8"
"public/hkele-data/detail/107.json.gz","179377","77E654E888BBA482FD5C2725C6D71017AA0CE96FACCDEDD3DD832A0263D68AD2"
"public/hkele-data/detail/108.json.gz","172274","12DDD3E92CD9B1C5C1C3EDB8DAF91B79005BA9D630A80E8CDD3C58294DBBA959"
"public/hkele-data/detail/109.json.gz","184865","D829389C41B62DCF927E48766654B61E7DE7B1DCA294C101C41AF20DF646B7A9"
"public/hkele-data/detail/110.json.gz","159602","C6B168EB2167270D7E3DDBD91B65B0C930EAD8D14AACBB4BD7CB69480894A5DD"
"public/hkele-data/detail/111.json.gz","169960","18B0528535EC9D149F2CE0EBFCDD645A8B7019A97DABDD87605E96B63369FFF1"
"public/hkele-data/detail/112.json.gz","173073","A9F4456804C1C8184A450F08A7C803A96B95C31189622728B84294DD88FB4172"
"public/hkele-data/detail/113.json.gz","202398","62FD7B1B00F6DA2CFC639923A31488E4F25127FB60D68DDA43FC39BD1943C986"
"public/hkele-data/detail/114.json.gz","175057","D191DDEA882145B1AD8218F6641A699A297ABFFDECD17CBF5A08B7059B95AF34"
"public/hkele-data/detail/115.json.gz","175435","A011D8734F7C69CC059903D58AB72231C6AA6AF3B26F89530ED9249E025E35EF"
"public/hkele-data/detail/116.json.gz","179580","096351F917769A1D909A3D75A8FC2A77B504A6378779AD22D65F6F4E38122D8B"
"public/hkele-data/detail/117.json.gz","171728","CF306E8976492792FD4EA2AE290F326C3993F7179573C392B43D8B33F80355ED"
"public/hkele-data/detail/118.json.gz","171437","40FE8907B2A4E9D2C903243FC9949D7521D919B1F1CB26217E4EE03EBCA712AD"
"public/hkele-data/detail/119.json.gz","189866","86FB6AB7A2E013F416A9D48FF71BA5767FB54A32F087C14FD5A1FE3DA3CFFDFA"
"public/hkele-data/detail/120.json.gz","183751","C0E660C00CC5283123E9A30AC96BB367F2B8FBD1782F71CD75FECA62360628FA"
"public/hkele-data/detail/121.json.gz","165350","4271BAC032B1E7F5ECC2BA15119D03EE0AFC68901268AB510C88CA54EDDB3718"
"public/hkele-data/detail/122.json.gz","189743","18B589E6CAB770F152FCEFD626AEE68F6D7EDA481C0193D15942DCF57F066D99"
"public/hkele-data/detail/123.json.gz","173580","261BDD47045A9EFDFF35BC8F40568ABCCB27986FD5D26A74EF8F853C389F90CC"
"public/hkele-data/detail/124.json.gz","166122","402A725AF16B2126271FF942EBA95EB847C1F837B9DE6A5E93ACBAC59D7D6E94"
"public/hkele-data/detail/125.json.gz","176751","AAD8EF254461C8C68AEA182DEF3229CEE537092BF8DC00936BA4D2DBAD6AACA8"
"public/hkele-data/detail/126.json.gz","171382","CEAFFBB2A91B58D5C36D6EDDF25A6FFC5E5252FF6C526B76954051B4FD422A20"
"public/hkele-data/detail/127.json.gz","173560","D32EDF564A62292A993F5913D1C8FCFCE5DE119E6D853F98E8A595636D4EE5BC"
"public/hkele-data/hkele-data-2026-09-14-package67-v1.zip","63125230","CB767B54582C8D37716BDE18FCD88768440715B7BCA03497532A13FAF1F12951"
"public/hkele-data/manifest.json.gz","5521","95F83B04571153AD1496EE0572B3F2CB21D07E828F5184D96F3F9AFF667AEB05"
"public/hkele-data/search/_other.json.gz","468","7AE5001B6E104FEF757D6B2AA40E0C11E090F0D50BB88C0C296C92A4BD79894E"
"public/hkele-data/search/0.json.gz","35","B0372099FD6ED1FA6B814A513D061A5B8ED5EBC30882CB82EEF5A508CE83CEFF"
"public/hkele-data/search/1.json.gz","35","1DF3A0A0B891E33FAF4A38067B8EAE06CD2C054A09A1D6BB801700B8BECED450"
"public/hkele-data/search/2.json.gz","35","FAFA5ED686C3EB12E5F147C0362147710A38FE91FD65DB9D722EDAA12660500B"
"public/hkele-data/search/3.json.gz","35","1F940F62836C0DFFA38999184A9917D678BAB1476AB718D9ACB423714A346DAB"
"public/hkele-data/search/4.json.gz","35","10728AA9C50145E3B97A4C9FE7ABBE7B63028F392AF4D339F6586E02B8ABC05C"
"public/hkele-data/search/5.json.gz","35","AE63428C3398929525D979B5B1298F26D1B48774F5CD562F3F579A394D6C4060"
"public/hkele-data/search/6.json.gz","35","6F13401253B2A04C520C07AE49BA004482D3E8DBFB83A5A0EE6D273C56F6FF87"
"public/hkele-data/search/7.json.gz","35","7298D7877E41CD8B996AA7E27C1BEB24DEBC36F39FC0D438391EE63175055737"
"public/hkele-data/search/8.json.gz","35","F0389EF4711660C2BD952706E5C273636CCE52A001D903F0C21DA52FD28ACF27"
"public/hkele-data/search/9.json.gz","35","FB2867EBD6DF2D23BB16FD59D3D444CB4637206720460DA4D92320F631725623"
"public/hkele-data/search/a.json.gz","1682183","E184E8647E99B22CB656E747FBCEB4025540A4A98E91A489A1314DEA1C0ACB7C"
"public/hkele-data/search/b.json.gz","1537437","451C129D3EFB53B7EFE077A7D301E282E981E29AE2E3F1036E44CCD4BBDF95D0"
"public/hkele-data/search/c.json.gz","2187628","4406A106BFA4667AD4E45CCE1B74121ABE4AA0998004F3D4674BE01002C60775"
"public/hkele-data/search/d.json.gz","1454291","71B3FBBC7B7751C65888D5899EEB0F7602E66986F56BF037EE425FE6448436CE"
"public/hkele-data/search/e.json.gz","914167","97E5BA54828AC124986AAD24DBF6A1DE3CD8456FF6174721BFAD8C607689142E"
"public/hkele-data/search/f.json.gz","884513","528E9066631AACE75C00D3D84B48B1274852F7A35ABD8C555FA8ECDC841CEA78"
"public/hkele-data/search/g.json.gz","920877","4D545BAB46628DBC6BBE43175033D269E348C00149D3B2EB016DEF11E9301C13"
"public/hkele-data/search/h.json.gz","1071381","E8FB6927430D1C308EE6E74A2CC409D5B720F38CF1BE4242E35401E498DB3868"
"public/hkele-data/search/i.json.gz","879210","0DC891386C14387965270D6A4B3A09EDF57B455CAB89D69FFF19C9C0E960139B"
"public/hkele-data/search/j.json.gz","300889","010F5F11E60D0531DBFC58DF3021BF459DB50B917412E42D0C6E6AA3328AE071"
"public/hkele-data/search/k.json.gz","677638","2743D213D36E9C81FEA04AC88AC5AC283523D5C4F5801F9CF9B5ACA0D14979D0"
"public/hkele-data/search/l.json.gz","873332","1E578EF4C5BE76F0BA14F00FB71136B91EDD818DD30595B5F7F00B8A7534AF1D"
"public/hkele-data/search/m.json.gz","2013434","DAB1414CABF005DB0152F0786B8D9D7D8F891260621E835F59715DF5007900B8"
"public/hkele-data/search/n.json.gz","1016820","832B06FFC91674166442F0B00361AB5CA10F41B312D97B437CF9D83C1236513C"
"public/hkele-data/search/o.json.gz","721368","CAD1C9667AAD622A3933610D9289C94DEEB6A6DA7B51F1D1B1C7316C54872849"
"public/hkele-data/search/p.json.gz","2032886","55A5783E67434D91E88993132DE0E66FF9B7B5C55E647A3B3750D4C9D9AE3E5B"
"public/hkele-data/search/q.json.gz","139443","FD43006998B3256888F0D9BE3E6347ED06B10F50B1E727C10113CB15AC074936"
"public/hkele-data/search/r.json.gz","1357802","4CCD7E44638F823652555DAE50152C60388825C96D5B4C8417D79BB4FFF30B33"
"public/hkele-data/search/s.json.gz","2646771","2FF3ABF893EF707C462DA0B18B8964BD9F16343F5ACECBC44D6E9E67B90FDDD5"
"public/hkele-data/search/t.json.gz","1281221","57587DCB93BA73F8B24015DB7B1BD1B7C6D3566CFBD598D2ABF1EFA24859E946"
"public/hkele-data/search/u.json.gz","1022577","1A8CC7EBF4E44FC15C7E3ADABBDD878D2BC539355C8BB2C2FF55A7A584B169FF"
"public/hkele-data/search/v.json.gz","434040","B5B5470FD58490C09C10559DADF64EE8601FD16FB23024243AF5B8BC416232F7"
"public/hkele-data/search/w.json.gz","599901","5DFE344D7D0DC249CC792398DD32332BA24C4F96B931062D94A707EB0F8C6C69"
"public/hkele-data/search/x.json.gz","41780","EA4FCE3AC951FD0A355449EC311651CD3E31DCD5FB412388E23E4DED0A5F6076"
"public/hkele-data/search/y.json.gz","170986","831F7957C9C901C2FF975ECBAC242B2ABA2012A0BB804631BF9034EF9CFA54ED"
"public/hkele-data/search/z.json.gz","154870","22C0C84916D23E1643CA8806A6D0301ACC6C5BF72E364202E428D462A11DEB75"
"public/hkele-data/SOURCE_IDENTITY.json","356","44979C51AF90E42CC1A5A9AE24B42A2BD29A0CFA603DF97E47BF926A7D67CB28"
"public/hkele-data/update-manifest.json","199077","73E6837D23F7C4F84B4F5C703FBD2FD28C26945AC3832826262E0A7A2DBE46E4"
"public/manifest.webmanifest","772","BAE59CBD5E658CDA03268B87124B9FC5DCAACDA989E5A32A5546CF958930A075"
"public/pwa-icon-192.png","3301","1FD507BE3D4980313D773FE20515956A5DF4B6E8714A470816D1AF9A96A0AB3B"
"public/pwa-icon-512.png","7997","FE3209C005890D329FC736715CD80CBAD17FE739DCB0F8DABD4E7AE4B493C5E1"
"public/sw.js","2129","3F3D29479C39A82EEC7D4BF7E512B3CC065A607B7318B8421084B839CC7D1FD4"
"PWA_OFFLINE_ACCEPTANCE_ZH.md","2041","8F655BC63B7BB3910F3C1C03E74504180DD38BA6407DE782422E43B606FE8A82"
"README.md","1623","6C296442F9293075AF680485FE6AC40A16C40F9D1EA7A6E568D9CA57BF334F76"
"REGRESSION_REPORT_ZH.md","2058","9559FDD24BE1957960344537E24E573614B1D438720393A6FFB14C48108CCD59"
"REQUIREMENTS_SOURCE_TEST_TRACEABILITY_ZH.md","5365","2EBCF63F0C274124B6F22A9002DFFF4B233F374AB9C5C0B083D9F347FE9B21B8"
"scripts/export_platform.mjs","1174","D5FC502157B6D7830AA83FD0A50DA9ACC2E8732FA6AEBA8F57DC73EF0EDF44A9"
"scripts/finalize_web_deployment.mjs","4338","5692AE76C461710E9301DBBD32BE3F71EDE555563C1DEE8F68D9FF7E45C66590"
"scripts/generate_tracked_manifest.mjs","2960","045A6E0775A2BBC00936EACDA12996025295CA28F5263BD74C537B30973AA030"
"scripts/serve_subpath.py","2203","0E37CA8F430151598721AE0FA6867E3AA1D7EF3FC4CBDEF0F7117772E22DCBEC"
"scripts/validate_public_repository.py","7426","9BD1BEB62E48AFFE5CA1B0BAA1B3E3FED4FC92C1500CF7FD27B00FAA232F03D1"
"scripts/validate_pwa.mjs","5418","9828B44ED32CA950D261607FA0D6662791E176110A4F262883566C0E7B4047E4"
"scripts/wrangler_runtime_acceptance.mjs","8567","9A455E29044651B3EBD14E95968FA4DEA6094BE766434FD87859C16206EB5C24"
"SECRET_SECURITY_CHECK_ZH.md","968","59B34EA239A187643FB585ACEF0265B1602B32AA01365D4274312D5C177D77D5"
"SECURITY_AND_SECRET_VERIFICATION_ZH.md","1976","8BB275E1DD1B317501BD764206C9BFDE1C0EBC6419E0ED18E7446A027A864001"
"src/components/ActionButton.tsx","1881","E22DFB51F0D9368A1531D3E0061A99AAC061B9632C2E76FD2F65AA76CF3DF238"
"src/components/AiFilterAssistant.tsx","11258","6256C5845AD772626B89F8C21171D8115579D82676715D8A547B2AEF16639942"
"src/components/AppCard.tsx","784","AEB42CFF610A98270C2AC964149DBB34472FDC2B836B4750718564FBEDEE6B27"
"src/components/AppMenu.tsx","2984","FA3020D73AB49F37314EC8DC90073486C1B4606E4EB75316F439F1952455EE6C"
"src/components/ChoiceChip.tsx","1182","BE43457BA529C4DB75AA6FB78924FBF63C0E4090238A05436B8E3988EFAFE9F0"
"src/components/ComplexityPanel.tsx","2773","B1785B3D7E955B7AF20F2800C58553653AE7F517BFBF3FD3380A51B0E470CF39"
"src/components/DataModeNotice.tsx","932","94E22C2E6FE1199782634C5FDB0C3318B37D4858C4ADDC0DDE92D304367EBD51"
"src/components/DataUpdatePanel.tsx","7003","3F91F9C5518F8988569AD7E0DC55A28353B2373D5002E5BD3F66212CF64DA851"
"src/components/FamilyCard.tsx","2536","43EFF39A26162AE3DDC7F874411D2713425AE123241A350B4C0D8A2B1280AFED"
"src/components/HighlightedText.tsx","4193","A6BD4DAC274B1F2CFF648C6CFAA01045BB3AF23CF0970EB6E24EFC18A3CE218E"
"src/components/KnowledgeTestPanel.tsx","7799","C049127AE5E7F32B0E313F703F1E2360CAF7AE0A07FB3B3139574E9D65D79618"
"src/components/NavigationBar.tsx","2037","8B2B73E63F3C5DB6368AEA123E7F708AF2D78FCBD31B78505112E8B14312B1C9"
"src/components/OccurrenceCard.tsx","7230","CFB31E4C91298347B836F2E902B153B038164BEBE0E64A7EB3082B3B3803F285"
"src/components/OcrInputPanel.tsx","5919","D290F95E31A2154E424D0059E2DE5263FE190A9E90F3D7E3AC4D0E9B3967EF58"
"src/components/PendingFullCheckPanel.tsx","1465","F38100D46101703A797E0AD5DC2971D96388F0E3F3765CF7A8CA2436FDFA3073"
"src/components/PreteachPanel.tsx","6885","AD690175E4DCC6BBF42293587A6D823DC883BC9B1894696A5ACA9D4E910A045F"
"src/components/ProgressiveDisclosure.tsx","2001","2710B0548C5AD6777DF3A36BB8D82D3EA329C0EBE063AD4D587DF9BED817F268"
"src/components/SafeMorphologyForm.tsx","2173","5A77C1C3C983F24026C0BB8B6592F39B9B7C8649E057DE38D712491486ECA45B"
"src/components/ScreenHeader.tsx","650","2867408D1B2796758240D87441EFE3AF0C92F1CB895E915A1BFE9EBE4462DA74"
"src/components/TurnstileGate.native.tsx","512","1E2AAE4A2150EC12A23642BBD7766A6810CFBAC8B6F4E1330F4EEE364222B875"
"src/components/TurnstileGate.web.tsx","4344","177F57F01FAD0C22565A35E7F29AD3AC7EDFB016BA2F4E283AAF91AFEDCB3692"
"src/components/UnmatchedWordsPanel.tsx","1782","19F2F74CABC431EB3F21C1DAD6C91A16318227A5498667DBCAC2C4DDE3CD1D8F"
"src/components/WebFamilyTable.tsx","8299","CF0E95C7986DD5DE88C302C1049E5B38270E096B12A4A4DCD83C96B6089B9854"
"src/config/release.ts","590","5E4A5D8DDA9E6D754549C2206EFCF30430EFE4EE6C1E37665EE9D439F1474DBC"
"src/config/runtime.ts","1515","2D33EB5138FDEFDDA5B0F192E5954CA773A701C48DF117E66EECD78241B2882E"
"src/data/bundledAssets.ts","800","4A4470FC86A748CABA8C8A1F741B21745C5F664F533F0B504683C6C22CFD26E1"
"src/data/BundledReferenceRepository.ts","13020","6617C96EB57CA2047BAD80B4273F08517009F8FA8DA4FC23829DDC73C2463CA2"
"src/data/DataSource.ts","1159","EB4A685CD591DF1D06883DCB6F27C8C8775290CB57F535FC0813A38654705F86"
"src/data/gzipJson.native.ts","812","3D0608F6BD10CA576DBFBBDE6B65CEC7876E64BCCDD75FFCF1032010C8D13EC9"
"src/data/gzipJson.web.ts","556","AE679D6F69C749AF13A0DC12B8E38F102DC53CBEBD49781D83F83C65E91443A2"
"src/data/HybridRepository.ts","2935","58AA6B1D6B279DB436369FB9DEF08CC0026844FF8F1CC1A187C981BE31E623D6"
"src/data/repository.native.ts","1442","219AE7B320ABD2283354662ACD5BF605F66C19B3BA27CD12EECCF6B515A8E5FF"
"src/data/repository.web.ts","361","FBADC749F6B9578C824FE9D569CB911D267DAD256235EB648156DB888A0B2816"
"src/data/StaticShardRepository.ts","10682","0CD702CDEF6213464ADEA1EEC26D30FA02FA7B4CA5EC192F758C8B56CFE2644D"
"src/domain/aiFilterSchema.ts","12032","2C88C1766189673D3F73816CD4D736C83045684408E9F30DFCBCA9947DF15BA0"
"src/domain/contracts.ts","3278","D1E5E962CE595E71C90193B4E66B60213FDC73BB437AD4AE3814A9F235460AF3"
"src/domain/hkele.ts","3760","D3D02681113FAF03497E9C799014992D19AC9A6DE04EF5D40FDF2573EC6D1FB3"
"src/domain/manifest.ts","1662","BE18A31E7B4D9E72429714476172FFC01001D7B5306110CAD190AFB68A94740E"
"src/domain/teachingList.ts","711","EF692E90B8868D8187F0A4F0F72BC465BBB1DA4B37EC8172E528A79B6539E66E"
"src/domain/verifiedAiExamples.ts","943","8BB37813791C5CA3FAD601EABC365335C860C5B279E830AF984FBE3681498691"
"src/screens/BrowseScreen.tsx","17126","C1CB40314C3F9A090D9C5E4C695EB354BC9E7B554B79C61634EB09DB4728D1CC"
"src/screens/CheckTextScreen.tsx","18621","844EF633801CA3E3343F6EC4075233A6CF4E82F3FA3AD7A809F713E64AA4D115"
"src/screens/DataVersionScreen.tsx","3896","35D1E669EF9D9BBDBCB65AE0032459E74AC0B2657E1044217056FB15A1B17F38"
"src/screens/HomeScreen.tsx","1349","62BDF9492E0E20A061434A93DB48E084EDD78438A21148130EC5FB39D73763AA"
"src/screens/TeachingListScreen.tsx","9334","1BBEB9641C722C5B289DB5790BE8B137DC148EAE769C65CC4538751A8D748D9F"
"src/screens/WordDetailScreen.tsx","14911","067FAE6EB250545598180B05FF89C0DA0E0EDE39366945B9AC90917ED8F920EC"
"src/services/aiFilterClient.ts","2896","125F0012FE4818BD84F4C10B2D84EF2BF83D057E243707F74A6180B500043257"
"src/services/aiFilterExecutor.ts","8445","F0DB5ABF9024BFFEC1A3735573D1E1089324C7E5BDEC6ABD3C140BE1E482B492"
"src/services/aiFilterFamilyProjection.ts","1535","F0A6F4DB08FD96692815DCABAE95681C562C5E6372D9DD5966BB763FF473364A"
"src/services/aiFilterFixture.ts","2105","27BD562398071126FCEE30F485D1A35F6D9E0DED96249089E6861282F01B718E"
"src/services/anonymousSession.native.ts","74","945612B4D0B8A41764AE661E5A74C402539F2E35E5B6DAFECC0C1C03BC1600A6"
"src/services/anonymousSession.web.ts","605","6EF18ECC482218E740AA57E60BB551F4DBD3B44CC9B5A79A9807B94DB4D5EF6F"
"src/services/browseResultState.ts","345","4B7D49193C18E9F5227F81EAFFD2FB05AE21ADA64FAF84C3ECC1F36D27F133DD"
"src/services/cpbService.ts","943","EDEA0A64F6D5A5B4DC19E2676B6DEF7AB5A2393DD6646A048C7DBA93C96C5F46"
"src/services/dataModePresentation.ts","1456","88F54B641FFF7A5F88C7489672AE3A5142D8E3992AC5694DC109BBB860A73656"
"src/services/dataUpdate/dataUpdateManager.native.ts","6642","AC0BE1A49A393AD749FF3FEFB39C9568341FB4C3240B20934E2B0EE9D14FAAA2"
"src/services/dataUpdate/dataUpdateManager.web.ts","463","3F7031D1730533E438ED716EDD766CDA013D8E34CE13BD29AF78AE0DC03D1513"
"src/services/dataUpdate/updateContract.ts","13309","6F870EB9996EDBE75B7D1B787525D8EB2FD57C27CDC53ABE5427D546AB95CB89"
"src/services/frequencyService.ts","918","EB1DEDFB02DC0C21F823900EFE1000AF7FC9F5E517865A6566C885504A3BADFE"
"src/services/grammaticalRelationService.ts","1273","5313FA44C55F23772DF38DEA4C459E87CFFF195C22100E2A1DBCE43F0D070941"
"src/services/identityService.ts","3731","28AC048A1BFCD192BCC0D208EFE1424B397B0F0618E3BB1E004E46C6933E14A5"
"src/services/knowledgeTestService.ts","3854","CB34B71AC7FA3BEF928267815AE7F96AFC80788250C9FF5702A7C76ADE6EFD28"
"src/services/morphologyService.ts","1133","D021E045010F75CC962AC52BF4865DF87BAAF92CB43DB593A133016AFF30F446"
"src/services/ocr/ocrAdapter.native.ts","581","D8BE3AD23FD1FBDDC94952E694DEE6FA8B9EEB0B9661DDA8DC43DD89150889C9"
"src/services/ocr/ocrAdapter.web.ts","348","B3EF28014621D9CAF3E438FAE84DEF348C0E7FF9410C827C72EFBF823C7E31AA"
"src/services/ocr/OcrContract.ts","968","07CC830245C02750E3F4A4A2F189360A79584F83CD09CF71C533E0140C480396"
"src/services/preteachService.ts","3783","A0ADF5970E059E690954A83B39A00D6E6A5E3FAB7A3083EB1925B83565456A81"
"src/services/progressiveResults.ts","1385","867080EBB16CB4ADAEBC3902A5B8CBAA609C6384DF437845F84FA8E7E3BC7F22"
"src/services/readabilityService.ts","1567","26E3EFBE263A2947AF4104F319F22827F10F493904FC8C00B0D9DFED2A5AE2F8"
"src/services/shareExport.ts","1520","650B43B3D1DB5A45871F0227B3B0C0EBF12E50703FBD6599B4E407B105A159B4"
"src/services/teachingListExport.ts","9212","2AFCB6FE7101A064B2B025880BE34940910C1FD36F2816D058E7D0BAD2177D9F"
"src/services/teachingListMigration.ts","2653","E68BB9DE34F8993B3F344E85C767FD51C65DFC682455986FB0DCAA4074056171"
"src/services/teachingListService.ts","8854","970C5E73EA94F57A54F164F44B3238841DC5B9267626153CA53C0AB86416F471"
"src/services/textResultPresentation.ts","3567","A6BAF002AF67A6891A49A1506A78E1E8B583F0B6FB0FFCDB422DE91E24FF60D8"
"src/services/tokenizer.ts","7249","52B7FA5C916039758A2667E620718C7E98CE4B5BF83D77499357EF0BFBFD9B46"
"src/theme/tokens.ts","723","A36B490F872C9B96D6AC91E6C834CCC020855E0E3E6B6939FEDC0C401D389138"
"STAGING_DEPLOYMENT_REPORT_ZH.md","2104","161641C21700A430F1F308688B2B7866AB3C443E6619F50C939F2827D4EC6DEB"
"STAGING_UPDATE_RUNBOOK_ZH.md","2415","FCBF79E6449B83C291B6BF5A5C535BBCEE0C55507EFD9FB57B447610053E72E2"
"TEACHER_GUIDE_ZH.md","2925","BB05FE672E343613B6C1BC58F4B2509162FE6840414DC8D89F2AACE3C33DAD6B"
"TEACHER_USABILITY_DESIGN_ZH.md","2211","A20A556A64C7FC8A1CBCA34665A6E2027ABF6C8E91629BF8D0385FEA7E981F1D"
"tests/ai-filter-client-worker.test.ts","12327","A8F0501763FD4E075B497DFDB9EEE18C380B12BEA21C6105676ECEDCD18341F6"
"tests/ai-filter-schema-executor.test.ts","4477","9F1F9D92A2762BA17F5769F910B5577D6F420A073F17E902B28724CDB9EF9B05"
"tests/data-bundle.test.ts","1393","C2A0944DED4364150DE96C06AC092AD1B6E00C1B1E28F359752BDF583DEE52BE"
"tests/identity.test.ts","4830","56B49CEA8F9DDB1BE4DC74F532ACB7EB5EE8DA5EB013ED9FC249685A398D6D51"
"tests/manifest.test.ts","1261","78A1EBEDDB4970A0C0EBF2904EAA16E03D130AC12AB78D878FDB1ED945E5394C"
"tests/package81-security-hardening.test.ts","7931","B835E94B4C57AE37B929350DD7C8CE6DB048392E8E4244158995E8E552865A37"
"tests/package82-ai-usability.test.ts","5281","0983D23D809BCB2F84F9960458C1EC9A1FBD182D015DC4210841B2C7CC3C095E"
"tests/package83-ai-data-parity.test.ts","6656","C41B7DC6A1023A219ECDDE273CA3BEA23C952684AABBA548A1E8F6344214BA9A"
"tests/package83-teacher-usability.test.ts","2079","D0775540009576F585004EA9497B0E34AA3D37CBE474F903C64BCF727784BC06"
"tests/package84-final-usability-accessibility.test.ts","10431","458D1828C65E1D42C2EAB92C5BD26BF6CBE22B989677F4D7BF5299CF8AA8BB84"
"tests/phase2-export.test.ts","2182","377E6D9C2B2EFB76B250CBEB62CCC2FF20CFF28CA243018FBE762D6F86AF1641"
"tests/phase3-tools.test.ts","6155","F9018D799E1F7F339822B6C126A1398E37590F15FA02ADF43A9FEB1415F26E50"
"tests/phase4-ocr-update.test.ts","10118","FC619D3881AAB429826210A7F697B565BF0C6BA9C58F3E339391468D4AA52A8A"
"tests/phase5a-release-hardening.test.ts","5796","A4C60F98956FCDB113B1AA005F400660C115178FA02B46890E2A932E7D8AFEB7"
"tests/phase5b1-deployment.test.ts","7692","76B4C13C7AD00CFC28BA67DEFE4FD2BE3C0CA9D720FF993086B390C18D22A449"
"tests/support/phase3-fixtures.ts","1409","E394CC5AD025516957F48B18BBEE9CC19F08EA01499E67F3313DDEFB268EDFC2"
"tests/teaching-list-migration.test.ts","1354","67A69520F3CA86F712D7D09DA1D5C61D07582284D39D856592FC9CF521DABAFB"
"tests/tokenizer.test.ts","1676","858CD2EE6214D95918F2EFE0E9D9BE35511C42CB7F61D04E2329F13C242E1E90"
"THIRD_PARTY_NOTICES.md","4341","D450A340C31BF27138BBEC9CDB930AF3CCF59B0AC761851E482A5D62A9F229A9"
"tsconfig.json","405","2A8C8E4B179806F9383817E8F0612ADBDDAB0E6218DD713000275FBF09E7744B"
"tsconfig.tests.json","416","FE821E9178B5BAA354B6458A3F542EA43930FBD757CEBBC5BA5A756B4520EC51"
"USER_JOURNEY_REGRESSION_ZH.md","3941","A36ADA0B86D4E777DB5ACDD527B7EDA93E2BA371300EFE603D5131CF95DC1C39"
"WEB_PWA_SECURITY_ARCHITECTURE_ZH.md","3955","B69B23C39563DE5161D6E2D3CF2622AA48983F7FB0CE65201FE1100988200FDA"
"worker/.dev.vars.example","70","6AD536CC1C8961D5A7E975A46277E2C0AD597BFB34C6E15ED431473A22E587EB"
"worker/src/index.ts","11175","1B1321A8E72AAE7F943594221B340FF2DE0A9C454F9B2B5CB06E75EE165C78EB"
"worker/src/prompt.ts","2490","19DFCBCBFCF7EBC138C714DF2E176AECE79C3EC4814AC2964A33979795F34287"
"worker/src/validate.ts","165","6BE08073379707C314F229F3A82234CBA1433B1817BF235F5C6AA72932A13615"
"worker/wrangler.jsonc","2904","B3A7A0BAE387E4344BC0C8611EE7D417127C92E31DED7ADE7BBF8166B41296AC"
